-- Generated by studypilot/scripts/export_studypilot_json_to_d1.mjs
-- Import this file after running the D1 schema migrations.
PRAGMA foreign_keys = ON;

-- Ensure core subject rows exist before importing dependent records.
INSERT OR IGNORE INTO subjects (id, slug, name) VALUES ('subject-science', 'science', 'Science');
INSERT OR IGNORE INTO subjects (id, slug, name) VALUES ('subject-math', 'math', 'Math');
INSERT OR IGNORE INTO subjects (id, slug, name) VALUES ('subject-english', 'english', 'English');
DELETE FROM classroom_items;
DELETE FROM classroom_topics;
DELETE FROM classroom_courses;
DELETE FROM classroom_sync_runs;
DELETE FROM mistakes;
DELETE FROM study_tasks;
DELETE FROM science_schedule_key_dates;
DELETE FROM science_schedule_units;
DELETE FROM science_schedule;
DELETE FROM upcoming_support_sections;
DELETE FROM upcoming_support_items;
DELETE FROM subject_topic_sections;
DELETE FROM subject_topic_cards;
DELETE FROM uploads;
INSERT INTO uploads (id, source_mode, category, original_name, storage_path, mime_type, size_bytes, uploaded_at, notes) VALUES ('upload-ddb9dd7d6b929db3', 'local', 'docs', '10-2-Atomic-Model-Summary-2026-03-29T14-07-23-845Z.pdf', 'uploads/docs/10-2-Atomic-Model-Summary-2026-03-29T14-07-23-845Z.pdf', 'application/pdf', 46952, '2026-03-29T10:07:23.846414-04:00', 'PDF with 2 page(s). Preview: Name: ______________________________ Date: ______________________ Page # ______ A TOMIC M ODEL S UMMARY M ODEL K EY P OINTS L IMITATIONS E VIDENCE F OR C HANGE Billiard Ball Plum Pudding Revised Nuclear Model Planetary M');
INSERT INTO uploads (id, source_mode, category, original_name, storage_path, mime_type, size_bytes, uploaded_at, notes) VALUES ('upload-d9776855c262fe61', 'local', 'docs', '10.0 Atomic Theory.pdf', 'uploads/docs/10.0 Atomic Theory.pdf', 'application/pdf', 630130, '2026-03-28T20:52:33.934505-04:00', 'PDF with 16 page(s). Preview: Atomic Theory MODELS OF THE ATOM');
INSERT INTO uploads (id, source_mode, category, original_name, storage_path, mime_type, size_bytes, uploaded_at, notes) VALUES ('upload-a5f5b7a99c4ae2da', 'local', 'docs', '10.2 Atomic Model Summary.pdf', 'uploads/docs/10.2 Atomic Model Summary.pdf', 'application/pdf', 46952, '2026-03-28T20:52:33.935509-04:00', 'PDF with 2 page(s). Preview: Name: ______________________________ Date: ______________________ Page # ______ A TOMIC M ODEL S UMMARY M ODEL K EY P OINTS L IMITATIONS E VIDENCE F OR C HANGE Billiard Ball Plum Pudding Revised Nuclear Model Planetary M');
INSERT INTO uploads (id, source_mode, category, original_name, storage_path, mime_type, size_bytes, uploaded_at, notes) VALUES ('upload-862a59f5f7a9d925', 'local', 'docs', '7.0 The Periodic Table (with youtube link).pdf', 'uploads/docs/7.0 The Periodic Table (with youtube link).pdf', 'application/pdf', 2001660, '2026-03-28T20:52:33.948507-04:00', 'PDF with 17 page(s). Preview: The Periodic Table');
INSERT INTO uploads (id, source_mode, category, original_name, storage_path, mime_type, size_bytes, uploaded_at, notes) VALUES ('upload-5866117fe495fefd', 'local', 'docs', 'Lesson 5.docx', 'uploads/docs/Lesson 5.docx', 'application/vnd.openxmlformats-officedocument.wordprocessingml.document', 7843679, '2026-03-28T20:52:33.973513-04:00', 'DOCX document. Preview: Introduction to Literary Devices: Cause and Effect So far we have looked at how to write summaries , theme paragraphs , and we have analyzed characters . Each of these skills sets is a part of literary analysis (the stud');
INSERT INTO uploads (id, source_mode, category, original_name, storage_path, mime_type, size_bytes, uploaded_at, notes) VALUES ('upload-12a867f22de8d035', 'local', 'docs', 'Ray Bradbury - There Will Come Soft Rains.pdf', 'uploads/docs/Ray Bradbury - There Will Come Soft Rains.pdf', 'application/pdf', 1214681, '2026-03-28T20:52:33.981517-04:00', 'PDF with 12 page(s). Preview: 1 AS2.1 WRITTEN TEXT STUDY SAMPLE AS2.1 EXTERNAL EXAM ESSAY QUESTIONS 1. Analyse how the setting of a text (or texts) you have studied influenced your understanding of the ideas in the text (or texts). (Note: Setting may');
INSERT INTO uploads (id, source_mode, category, original_name, storage_path, mime_type, size_bytes, uploaded_at, notes) VALUES ('upload-1f91a4560ff28d8f', 'local', 'docs', 'SNC1W-Gas-Test-Lab-2024-25.pdf', 'uploads/docs/SNC1W-Gas-Test-Lab-2024-25.pdf', 'application/pdf', 45919, '2026-03-28T20:52:33.982516-04:00', 'PDF with 2 page(s). Preview: SNC1W Name: Gas Tests Lab Criteria R Insufficient Inadequate Level 1 Limited simplistic Level 2 Some approaching basic obvious Level 3 Considerable appropriate reasonable solid Level 4 Thorough insightful high degree sop');
INSERT INTO uploads (id, source_mode, category, original_name, storage_path, mime_type, size_bytes, uploaded_at, notes) VALUES ('upload-a75d410af698c200', 'local', 'timetable', 'SNC1W Sem 2 Calendar 2025-2026 - SEM 2 SPRING 2025.pdf', 'uploads/timetable/SNC1W Sem 2 Calendar 2025-2026 - SEM 2 SPRING 2025.pdf', 'application/pdf', 57571, '2026-03-28T20:52:33.984671-04:00', 'PDF with 12 page(s). Preview: SNC1W Course Calendar : Semester 2 (2025-26) Mon Tues Wed Thurs Fri FEBRUARY 2 INQUIRY 3 4 5 6 Welcome to SNC1W ! Is it Science? Controlled Experiments: Questioning and HypothesisMaterials and ProcedureFinish Materials a');
INSERT INTO science_schedule (id, title, overview, current_exam_subject, current_exam_range_start, current_exam_note, updated_at) VALUES ('science-schedule-main', 'SNC1W Semester 2 (2025-2026)', 'Based on the course calendar, Semester 2 runs from February 2, 2026 to the June 2026 exam period and moves through Inquiry, Chemistry, Space, Electricity, and Biology/Ecology.', 'Chemistry', '2026-03-23', 'Content posted on or after March 23, 2026 is part of the next Chemistry test range.', '2026-03-29T15:04:28.949Z');
INSERT INTO science_schedule_units (id, schedule_id, unit_order, name, window_label, focus, notes) VALUES ('science-unit-58e60799294e00a3', 'science-schedule-main', 0, 'Inquiry', 'February 2 to February 24, 2026', 'Skills', 'Scientific questioning, controlled experiments, metric system, graphing, lab reports, and measurement investigations.');
INSERT INTO science_schedule_units (id, schedule_id, unit_order, name, window_label, focus, notes) VALUES ('science-unit-2942510f4fe7a516', 'science-schedule-main', 1, 'Chemistry', 'February 25 to April 13, 2026', 'Matter', 'Classification of matter, particle theory, physical and chemical change, periodic table, metals and non-metals, gas tests, atomic structure, bonding, and chemical formulas.');
INSERT INTO science_schedule_units (id, schedule_id, unit_order, name, window_label, focus, notes) VALUES ('science-unit-a42779e354e68982', 'science-schedule-main', 2, 'Space', 'April 14 to May 4, 2026', 'Astronomy', 'Earth-Moon-Sun interactions, eclipses, northern lights, spectroscopy, star life cycles, big bang theory, and space exploration.');
INSERT INTO science_schedule_units (id, schedule_id, unit_order, name, window_label, focus, notes) VALUES ('science-unit-6d42ad266dc27a45', 'science-schedule-main', 3, 'Electricity', 'May 4 to May 28, 2026', 'Circuits', 'Static electricity, charging, circuit diagrams, series and parallel circuits, current, voltage, resistance, and Ohm''s law.');
INSERT INTO science_schedule_units (id, schedule_id, unit_order, name, window_label, focus, notes) VALUES ('science-unit-390dbd2feb3d4bf9', 'science-schedule-main', 4, 'Biology / Ecology', 'May 29 to June 12, 2026', 'Ecosystems', 'Energy flow, cycling of matter, biodiversity, climate and food security, and human effects on ecosystems.');
INSERT INTO science_schedule_key_dates (id, schedule_id, date_order, date_label, label, note) VALUES ('science-key-date-a65b1989375cadbe', 'science-schedule-main', 0, 'February 24, 2026', 'Inquiry unit test and rotocopter lab report due', 'Inquiry assessment checkpoint before Chemistry begins.');
INSERT INTO science_schedule_key_dates (id, schedule_id, date_order, date_label, label, note) VALUES ('science-key-date-132c122784862ca0', 'science-schedule-main', 1, 'March 13, 2026', 'Chemistry quiz', 'Includes learning up to and including physical and chemical change.');
INSERT INTO science_schedule_key_dates (id, schedule_id, date_order, date_label, label, note) VALUES ('science-key-date-990918bee407c04b', 'science-schedule-main', 2, 'March 26, 2026', 'Metals and non-metals lab analysis due in class', 'Comes right before gas test prep and atomic theory work.');
INSERT INTO science_schedule_key_dates (id, schedule_id, date_order, date_label, label, note) VALUES ('science-key-date-9a5876f8031e46c9', 'science-schedule-main', 3, 'April 13, 2026', 'Chemistry unit test', 'Scheduled just before the Space unit starts on April 14, 2026.');
INSERT INTO science_schedule_key_dates (id, schedule_id, date_order, date_label, label, note) VALUES ('science-key-date-092075a5c80b754e', 'science-schedule-main', 4, 'May 4, 2026', 'Space unit test', 'Wraps the Space unit and begins the Electricity unit the same day.');
INSERT INTO science_schedule_key_dates (id, schedule_id, date_order, date_label, label, note) VALUES ('science-key-date-7c33872015d81c22', 'science-schedule-main', 5, 'May 14, 2026', 'Electricity quiz: static electricity', 'Mid-unit checkpoint during current electricity and circuits.');
INSERT INTO science_schedule_key_dates (id, schedule_id, date_order, date_label, label, note) VALUES ('science-key-date-68f8068d7a045b8c', 'science-schedule-main', 6, 'May 28, 2026', 'Electricity unit test', 'Final electricity assessment before Biology / Ecology starts.');
INSERT INTO science_schedule_key_dates (id, schedule_id, date_order, date_label, label, note) VALUES ('science-key-date-38657aec1cc52212', 'science-schedule-main', 7, 'June 12, 2026', 'Ecology unit test', 'Final unit test before review days and exam week.');
INSERT INTO science_schedule_key_dates (id, schedule_id, date_order, date_label, label, note) VALUES ('science-key-date-2858f87c89baf244', 'science-schedule-main', 8, 'June 18 to June 24, 2026', 'Exam period', 'Block exam days begin June 18, 2026 and continue through June 24, 2026.');
INSERT INTO upcoming_support_items (id, subject_slug, when_label, topic, support_type, summary, source_kind, source_upload_id, created_at, updated_at) VALUES ('upcoming-support-961418675ce996d6', 'science', 'Monday, March 30, 2026', 'Gas Test Lab', 'Preview', 'Before class, learn how simple lab tests help identify common gases such as oxygen, hydrogen, and carbon dioxide.', 'manual', NULL, '2026-03-29T15:04:28.950Z', '2026-03-29T15:04:28.950Z');
INSERT INTO upcoming_support_sections (id, support_id, section_key, section_title, item_order, item_type, text_value, label, url) VALUES ('upcoming_support_sections-item-38b64891ac97559d', 'upcoming-support-961418675ce996d6', 'beforeClass', 'Before class', 0, 'text', 'Know that different gases can be identified with different test results.', NULL, NULL);
INSERT INTO upcoming_support_sections (id, support_id, section_key, section_title, item_order, item_type, text_value, label, url) VALUES ('upcoming_support_sections-item-42b7e936055df69f', 'upcoming-support-961418675ce996d6', 'beforeClass', 'Before class', 1, 'text', 'Be ready to connect each gas to a specific observation in the lab.', NULL, NULL);
INSERT INTO upcoming_support_sections (id, support_id, section_key, section_title, item_order, item_type, text_value, label, url) VALUES ('upcoming_support_sections-item-40592d6fa9469c7d', 'upcoming-support-961418675ce996d6', 'beforeClass', 'Before class', 2, 'text', 'Preview the safety idea that tests are done carefully with small samples.', NULL, NULL);
INSERT INTO upcoming_support_sections (id, support_id, section_key, section_title, item_order, item_type, text_value, label, url) VALUES ('upcoming_support_sections-item-1d4e54d0bdfe7a51', 'upcoming-support-961418675ce996d6', 'beforeClass', 'Before class', 3, 'text', 'Be ready to record detailed observations such as ignition, glowing splint result, colour, and visible changes.', NULL, NULL);
INSERT INTO upcoming_support_sections (id, support_id, section_key, section_title, item_order, item_type, text_value, label, url) VALUES ('upcoming_support_sections-item-5595254f4bfcd8ec', 'upcoming-support-961418675ce996d6', 'keywords', 'Keywords', 0, 'text', 'oxygen', NULL, NULL);
INSERT INTO upcoming_support_sections (id, support_id, section_key, section_title, item_order, item_type, text_value, label, url) VALUES ('upcoming_support_sections-item-2fe7fe36ebd06280', 'upcoming-support-961418675ce996d6', 'keywords', 'Keywords', 1, 'text', 'hydrogen', NULL, NULL);
INSERT INTO upcoming_support_sections (id, support_id, section_key, section_title, item_order, item_type, text_value, label, url) VALUES ('upcoming_support_sections-item-4281ebfc631ad1a0', 'upcoming-support-961418675ce996d6', 'keywords', 'Keywords', 2, 'text', 'carbon dioxide', NULL, NULL);
INSERT INTO upcoming_support_sections (id, support_id, section_key, section_title, item_order, item_type, text_value, label, url) VALUES ('upcoming_support_sections-item-71133808ce48b691', 'upcoming-support-961418675ce996d6', 'keywords', 'Keywords', 3, 'text', 'glowing splint', NULL, NULL);
INSERT INTO upcoming_support_sections (id, support_id, section_key, section_title, item_order, item_type, text_value, label, url) VALUES ('upcoming_support_sections-item-dbe8c712ebdabf3b', 'upcoming-support-961418675ce996d6', 'keywords', 'Keywords', 4, 'text', 'burning splint', NULL, NULL);
INSERT INTO upcoming_support_sections (id, support_id, section_key, section_title, item_order, item_type, text_value, label, url) VALUES ('upcoming_support_sections-item-58241e09d9c9aeb2', 'upcoming-support-961418675ce996d6', 'keywords', 'Keywords', 5, 'text', 'limewater', NULL, NULL);
INSERT INTO upcoming_support_sections (id, support_id, section_key, section_title, item_order, item_type, text_value, label, url) VALUES ('upcoming_support_sections-item-196faeba99af60ef', 'upcoming-support-961418675ce996d6', 'keywords', 'Keywords', 6, 'text', 'magnesium ribbon', NULL, NULL);
INSERT INTO upcoming_support_sections (id, support_id, section_key, section_title, item_order, item_type, text_value, label, url) VALUES ('upcoming_support_sections-item-c7c17e32e97b9f0b', 'upcoming-support-961418675ce996d6', 'keywords', 'Keywords', 7, 'text', 'hydrogen peroxide', NULL, NULL);
INSERT INTO upcoming_support_sections (id, support_id, section_key, section_title, item_order, item_type, text_value, label, url) VALUES ('upcoming_support_sections-item-f3503d6caa199887', 'upcoming-support-961418675ce996d6', 'keywords', 'Keywords', 8, 'text', 'potassium iodide', NULL, NULL);
INSERT INTO upcoming_support_sections (id, support_id, section_key, section_title, item_order, item_type, text_value, label, url) VALUES ('upcoming_support_sections-item-e8c36c12cf3d3f76', 'upcoming-support-961418675ce996d6', 'keywords', 'Keywords', 9, 'text', 'vinegar', NULL, NULL);
INSERT INTO upcoming_support_sections (id, support_id, section_key, section_title, item_order, item_type, text_value, label, url) VALUES ('upcoming_support_sections-item-835b9edcf652325d', 'upcoming-support-961418675ce996d6', 'keywords', 'Keywords', 10, 'text', 'baking soda', NULL, NULL);
INSERT INTO upcoming_support_sections (id, support_id, section_key, section_title, item_order, item_type, text_value, label, url) VALUES ('upcoming_support_sections-item-cce18d512520bee8', 'upcoming-support-961418675ce996d6', 'quickQuestions', 'Quick questions', 0, 'text', 'Which gas relights a glowing splint?', NULL, NULL);
INSERT INTO upcoming_support_sections (id, support_id, section_key, section_title, item_order, item_type, text_value, label, url) VALUES ('upcoming_support_sections-item-abf32c1799b17eea', 'upcoming-support-961418675ce996d6', 'quickQuestions', 'Quick questions', 1, 'text', 'Which gas makes a small squeaky pop with a burning splint?', NULL, NULL);
INSERT INTO upcoming_support_sections (id, support_id, section_key, section_title, item_order, item_type, text_value, label, url) VALUES ('upcoming_support_sections-item-258b49df160c8c1d', 'upcoming-support-961418675ce996d6', 'quickQuestions', 'Quick questions', 2, 'text', 'Which gas turns limewater cloudy?', NULL, NULL);
INSERT INTO upcoming_support_sections (id, support_id, section_key, section_title, item_order, item_type, text_value, label, url) VALUES ('upcoming_support_sections-item-202519f72bd191fc', 'upcoming-support-961418675ce996d6', 'quickQuestions', 'Quick questions', 3, 'text', 'Which gas in this lab is linked to fire extinguishers?', NULL, NULL);
INSERT INTO upcoming_support_sections (id, support_id, section_key, section_title, item_order, item_type, text_value, label, url) VALUES ('upcoming_support_sections-item-1a7c86a9d9fc2bf6', 'upcoming-support-961418675ce996d6', 'quickQuestions', 'Quick questions', 4, 'text', 'Which gas helps support breathing in hospitals?', NULL, NULL);
INSERT INTO upcoming_support_sections (id, support_id, section_key, section_title, item_order, item_type, text_value, label, url) VALUES ('upcoming_support_sections-item-708c5a98b936b8a3', 'upcoming-support-961418675ce996d6', 'quickQuestions', 'Quick questions', 5, 'text', 'How can you connect a gas property to a real-life use?', NULL, NULL);
INSERT INTO upcoming_support_sections (id, support_id, section_key, section_title, item_order, item_type, text_value, label, url) VALUES ('upcoming_support_sections-item-bd74dfc369145671', 'upcoming-support-961418675ce996d6', 'resources', 'Useful learning resources', 0, 'resource', NULL, 'Local Gas Test Lab PDF', '../uploads/docs/SNC1W-Gas-Test-Lab-2024-25.pdf');
INSERT INTO upcoming_support_sections (id, support_id, section_key, section_title, item_order, item_type, text_value, label, url) VALUES ('upcoming_support_sections-item-897c726ab43cb3e6', 'upcoming-support-961418675ce996d6', 'resources', 'Useful learning resources', 1, 'resource', NULL, 'Kevin Apps: Gas Lab', 'https://www.kevin-apps.com/lab/gas-lab');
INSERT INTO upcoming_support_sections (id, support_id, section_key, section_title, item_order, item_type, text_value, label, url) VALUES ('upcoming_support_sections-item-a45849f954172d4e', 'upcoming-support-961418675ce996d6', 'resources', 'Useful learning resources', 2, 'resource', NULL, 'Kevin Apps: Chemistry', 'https://www.kevin-apps.com/chemistry');
INSERT INTO upcoming_support_sections (id, support_id, section_key, section_title, item_order, item_type, text_value, label, url) VALUES ('upcoming_support_sections-item-a7f770b089f07925', 'upcoming-support-961418675ce996d6', 'resources', 'Useful learning resources', 3, 'resource', NULL, 'YouTube: Physics Teacher - Do you know your Gas Tests from Grade 9 science?', 'https://www.youtube.com/results?search_query=Physics+Teacher+Do+you+know+your+Gas+Tests+from+Grade+9+science');
INSERT INTO upcoming_support_sections (id, support_id, section_key, section_title, item_order, item_type, text_value, label, url) VALUES ('upcoming_support_sections-item-3185eea7bea03f95', 'upcoming-support-961418675ce996d6', 'resources', 'Useful learning resources', 4, 'resource', NULL, 'YouTube search: gas tests chemistry', 'https://www.youtube.com/results?search_query=gas+tests+chemistry');
INSERT INTO upcoming_support_sections (id, support_id, section_key, section_title, item_order, item_type, text_value, label, url) VALUES ('upcoming_support_sections-item-5cb85f90e2118976', 'upcoming-support-961418675ce996d6', 'resources', 'Useful learning resources', 5, 'resource', NULL, 'Khan Academy search: gases chemistry', 'https://www.khanacademy.org/search?page_search_query=gases%20chemistry');
INSERT INTO upcoming_support_sections (id, support_id, section_key, section_title, item_order, item_type, text_value, label, url) VALUES ('upcoming_support_sections-item-38b282f1bb6bcace', 'upcoming-support-961418675ce996d6', 'labSteps', 'Lab steps', 0, 'text', 'Hydrogen: hydrochloric acid + magnesium ribbon, then test with a burning splint.', NULL, NULL);
INSERT INTO upcoming_support_sections (id, support_id, section_key, section_title, item_order, item_type, text_value, label, url) VALUES ('upcoming_support_sections-item-4df06218134fce62', 'upcoming-support-961418675ce996d6', 'labSteps', 'Lab steps', 1, 'text', 'Oxygen: hydrogen peroxide + potassium iodide, then test with a glowing splint.', NULL, NULL);
INSERT INTO upcoming_support_sections (id, support_id, section_key, section_title, item_order, item_type, text_value, label, url) VALUES ('upcoming_support_sections-item-e49b7d47ba295c71', 'upcoming-support-961418675ce996d6', 'labSteps', 'Lab steps', 2, 'text', 'Carbon dioxide: vinegar + baking soda, then test with a burning splint and, if needed, a glowing splint.', NULL, NULL);
INSERT INTO upcoming_support_sections (id, support_id, section_key, section_title, item_order, item_type, text_value, label, url) VALUES ('upcoming_support_sections-item-0b1ed1468c27d9af', 'upcoming-support-961418675ce996d6', 'propertyUseLinks', 'Property to use ideas', 0, 'text', 'Hydrogen is flammable, so it can be used as a fuel source such as rocket fuel or other energy applications.', NULL, NULL);
INSERT INTO upcoming_support_sections (id, support_id, section_key, section_title, item_order, item_type, text_value, label, url) VALUES ('upcoming_support_sections-item-daa9da9583a21c1c', 'upcoming-support-961418675ce996d6', 'propertyUseLinks', 'Property to use ideas', 1, 'text', 'Oxygen supports combustion, so it is useful for medical breathing support and processes that need burning.', NULL, NULL);
INSERT INTO upcoming_support_sections (id, support_id, section_key, section_title, item_order, item_type, text_value, label, url) VALUES ('upcoming_support_sections-item-3ec1419ff5c2d8e1', 'upcoming-support-961418675ce996d6', 'propertyUseLinks', 'Property to use ideas', 2, 'text', 'Carbon dioxide does not support combustion, so it is used in fire extinguishers.', NULL, NULL);
INSERT INTO upcoming_support_sections (id, support_id, section_key, section_title, item_order, item_type, text_value, label, url) VALUES ('upcoming_support_sections-item-4f9bd9c24bd08797', 'upcoming-support-961418675ce996d6', 'teacherQuestions', 'Teacher questions', 0, 'text', 'How are the physical properties of the gases similar?', NULL, NULL);
INSERT INTO upcoming_support_sections (id, support_id, section_key, section_title, item_order, item_type, text_value, label, url) VALUES ('upcoming_support_sections-item-64e9f05e5d630fbf', 'upcoming-support-961418675ce996d6', 'teacherQuestions', 'Teacher questions', 1, 'text', 'How are the physical properties different?', NULL, NULL);
INSERT INTO upcoming_support_sections (id, support_id, section_key, section_title, item_order, item_type, text_value, label, url) VALUES ('upcoming_support_sections-item-a8b727deea946623', 'upcoming-support-961418675ce996d6', 'teacherQuestions', 'Teacher questions', 2, 'text', 'How are the chemical properties different?', NULL, NULL);
INSERT INTO upcoming_support_sections (id, support_id, section_key, section_title, item_order, item_type, text_value, label, url) VALUES ('upcoming_support_sections-item-a0b80c42010ad924', 'upcoming-support-961418675ce996d6', 'teacherQuestions', 'Teacher questions', 3, 'text', 'Which gas is used in fire extinguishers and why?', NULL, NULL);
INSERT INTO upcoming_support_sections (id, support_id, section_key, section_title, item_order, item_type, text_value, label, url) VALUES ('upcoming_support_sections-item-9ff3b7308dd87b03', 'upcoming-support-961418675ce996d6', 'teacherQuestions', 'Teacher questions', 4, 'text', 'Which gas was used in balloons and why is it no longer commonly used?', NULL, NULL);
INSERT INTO upcoming_support_sections (id, support_id, section_key, section_title, item_order, item_type, text_value, label, url) VALUES ('upcoming_support_sections-item-769a5b6ec54ed69a', 'upcoming-support-961418675ce996d6', 'teacherQuestions', 'Teacher questions', 5, 'text', 'Which gas is used to help hospital patients breathe?', NULL, NULL);
INSERT INTO upcoming_support_sections (id, support_id, section_key, section_title, item_order, item_type, text_value, label, url) VALUES ('upcoming_support_sections-item-8cce761750cbc498', 'upcoming-support-961418675ce996d6', 'teacherQuestions', 'Teacher questions', 6, 'text', 'Pick one property and explain why it makes that substance useful in real life.', NULL, NULL);
INSERT INTO upcoming_support_sections (id, support_id, section_key, section_title, item_order, item_type, text_value, label, url) VALUES ('upcoming_support_sections-item-abf8eb2699815546', 'upcoming-support-961418675ce996d6', 'teacherQuestions', 'Teacher questions', 7, 'text', 'Explain why a material''s physical property can make it a good choice for a job, like carbon in pencil lead.', NULL, NULL);
INSERT INTO upcoming_support_sections (id, support_id, section_key, section_title, item_order, item_type, text_value, label, url) VALUES ('upcoming_support_sections-item-e478cb5d0996241a', 'upcoming-support-961418675ce996d6', 'flexibleThinkingExamples', 'Flexible thinking', 0, 'text', 'Non-metal carbon in pencil lead is soft enough to rub onto paper, so that physical property makes it useful for writing.', NULL, NULL);
INSERT INTO upcoming_support_sections (id, support_id, section_key, section_title, item_order, item_type, text_value, label, url) VALUES ('upcoming_support_sections-item-6f01c28710bf377f', 'upcoming-support-961418675ce996d6', 'flexibleThinkingExamples', 'Flexible thinking', 1, 'text', 'A teacher may ask for a property-to-use explanation, not just the name of the gas or substance.', NULL, NULL);
INSERT INTO upcoming_support_sections (id, support_id, section_key, section_title, item_order, item_type, text_value, label, url) VALUES ('upcoming_support_sections-item-a4ffd62978b6907d', 'upcoming-support-961418675ce996d6', 'flexibleThinkingExamples', 'Flexible thinking', 2, 'text', 'Practice answering in this format: property -> what it means -> why that helps in the real-world use.', NULL, NULL);
INSERT INTO subject_topic_cards (id, subject_slug, title, summary, source_kind, source_upload_id, source_ref, created_at, updated_at) VALUES ('subject-card-fd50ab2928f76c05', 'science', 'Atomic Models (Billiard Ball → Bohr-Rutherford)', 'Scientists changed how they thought about atoms after new experiments. Each model tried to explain what atoms look like and how parts (like electrons and nucleus) are arranged. Evidence from experiments made the models better over time.', 'manual', 'upload-ddb9dd7d6b929db3', NULL, '2026-03-29T15:04:28.951Z', '2026-03-29T15:04:28.951Z');
INSERT INTO subject_topic_sections (id, card_id, section_key, section_title, item_order, item_type, text_value, label, url) VALUES ('subject_topic_sections-item-dd991c16be13f67f', 'subject-card-fd50ab2928f76c05', 'keyConcepts', 'Key concepts', 0, 'text', 'Billiard Ball (Dalton): Atoms are tiny, solid, indivisible spheres. No internal parts.', NULL, NULL);
INSERT INTO subject_topic_sections (id, card_id, section_key, section_title, item_order, item_type, text_value, label, url) VALUES ('subject_topic_sections-item-4ddf8accd6824ac6', 'subject-card-fd50ab2928f76c05', 'keyConcepts', 'Key concepts', 1, 'text', 'Plum Pudding (Thomson): Atoms have electrons inside a positive “pudding” spread out.', NULL, NULL);
INSERT INTO subject_topic_sections (id, card_id, section_key, section_title, item_order, item_type, text_value, label, url) VALUES ('subject_topic_sections-item-f013de964ddbbb8d', 'subject-card-fd50ab2928f76c05', 'keyConcepts', 'Key concepts', 2, 'text', 'Revised Nuclear (Rutherford): Most mass and positive charge are in a small nucleus; electrons are around it. Discovered from gold-foil experiment.', NULL, NULL);
INSERT INTO subject_topic_sections (id, card_id, section_key, section_title, item_order, item_type, text_value, label, url) VALUES ('subject_topic_sections-item-c18acce8404dd3e5', 'subject-card-fd50ab2928f76c05', 'keyConcepts', 'Key concepts', 3, 'text', 'Planetary / Bohr-Rutherford: Electrons move in set orbits with certain energies. Explains simple atomic spectra.', NULL, NULL);
INSERT INTO subject_topic_sections (id, card_id, section_key, section_title, item_order, item_type, text_value, label, url) VALUES ('subject_topic_sections-item-a0abadca18a4da43', 'subject-card-fd50ab2928f76c05', 'teacherNotes', 'Teacher notes summary', 0, 'text', 'Key question: What experiment or observation showed each model needed to change?', NULL, NULL);
INSERT INTO subject_topic_sections (id, card_id, section_key, section_title, item_order, item_type, text_value, label, url) VALUES ('subject_topic_sections-item-951df414bda6774d', 'subject-card-fd50ab2928f76c05', 'teacherNotes', 'Teacher notes summary', 1, 'text', 'Gold-foil experiment: most alpha particles passed through but some bounced back → small dense nucleus.', NULL, NULL);
INSERT INTO subject_topic_sections (id, card_id, section_key, section_title, item_order, item_type, text_value, label, url) VALUES ('subject_topic_sections-item-53f1c8a5a427505c', 'subject-card-fd50ab2928f76c05', 'teacherNotes', 'Teacher notes summary', 2, 'text', 'Thomson’s cathode ray work found electrons, so atoms were not indivisible.', NULL, NULL);
INSERT INTO subject_topic_sections (id, card_id, section_key, section_title, item_order, item_type, text_value, label, url) VALUES ('subject_topic_sections-item-4ee83c3c425cf284', 'subject-card-fd50ab2928f76c05', 'teacherNotes', 'Teacher notes summary', 3, 'text', 'Bohr used hydrogen light lines to suggest fixed electron energy levels.', NULL, NULL);
INSERT INTO subject_topic_sections (id, card_id, section_key, section_title, item_order, item_type, text_value, label, url) VALUES ('subject_topic_sections-item-73fb232199e3385d', 'subject-card-fd50ab2928f76c05', 'resources', 'Useful learning resources', 0, 'resource', NULL, '10.2 Atomic Model Summary.pdf', '../uploads/docs/10-2-Atomic-Model-Summary-2026-03-29T14-07-23-845Z.pdf');
INSERT INTO subject_topic_sections (id, card_id, section_key, section_title, item_order, item_type, text_value, label, url) VALUES ('subject_topic_sections-item-46b15b71bc8660fa', 'subject-card-fd50ab2928f76c05', 'resources', 'Useful learning resources', 1, 'resource', NULL, 'Use the PDF teacher handout as your main note. Copy the table headings: Model, Key Points, Limitations, Evidence for Change.', NULL);
INSERT INTO subject_topic_sections (id, card_id, section_key, section_title, item_order, item_type, text_value, label, url) VALUES ('subject_topic_sections-item-3619af4e1ade4efa', 'subject-card-fd50ab2928f76c05', 'resources', 'Useful learning resources', 2, 'resource', NULL, 'Bring class textbook pages on atomic theory if you have them. Review notes on Thomson, Rutherford, and Bohr before class.', NULL);
INSERT INTO subject_topic_sections (id, card_id, section_key, section_title, item_order, item_type, text_value, label, url) VALUES ('subject_topic_sections-item-04e151aa82d1996d', 'subject-card-fd50ab2928f76c05', 'quizEasy', 'Easy quiz questions', 0, 'text', 'List the four models in order and write one key point for each (1 sentence each).', NULL, NULL);
INSERT INTO subject_topic_sections (id, card_id, section_key, section_title, item_order, item_type, text_value, label, url) VALUES ('subject_topic_sections-item-e44742d5de01e178', 'subject-card-fd50ab2928f76c05', 'quizEasy', 'Easy quiz questions', 1, 'text', 'Draw the plum-pudding and nuclear models (simple sketch).', NULL, NULL);
INSERT INTO subject_topic_sections (id, card_id, section_key, section_title, item_order, item_type, text_value, label, url) VALUES ('subject_topic_sections-item-5e282a16b4255f2a', 'subject-card-fd50ab2928f76c05', 'quizMedium', 'Medium quiz questions', 0, 'text', 'Explain in 2–3 sentences how the gold-foil experiment changed the plum-pudding model.', NULL, NULL);
INSERT INTO subject_topic_sections (id, card_id, section_key, section_title, item_order, item_type, text_value, label, url) VALUES ('subject_topic_sections-item-ac03d02880f96e2b', 'subject-card-fd50ab2928f76c05', 'quizMedium', 'Medium quiz questions', 1, 'text', 'Write one short paragraph comparing Bohr’s orbits to the idea of electrons in the revised nuclear model.', NULL, NULL);
INSERT INTO subject_topic_sections (id, card_id, section_key, section_title, item_order, item_type, text_value, label, url) VALUES ('subject_topic_sections-item-5fabba55e69bea8d', 'subject-card-fd50ab2928f76c05', 'quizHard', 'Hard quiz questions', 0, 'text', 'Describe how Bohr’s model explains hydrogen’s spectral lines and why it doesn’t fully work for bigger atoms.', NULL, NULL);
INSERT INTO subject_topic_sections (id, card_id, section_key, section_title, item_order, item_type, text_value, label, url) VALUES ('subject_topic_sections-item-6d26cb680bd2883e', 'subject-card-fd50ab2928f76c05', 'quizHard', 'Hard quiz questions', 1, 'text', 'Given a short description of an experiment result, pick which atomic model it supports and explain why.', NULL, NULL);
INSERT INTO subject_topic_sections (id, card_id, section_key, section_title, item_order, item_type, text_value, label, url) VALUES ('subject_topic_sections-item-ee42ff8d2326e213', 'subject-card-fd50ab2928f76c05', 'feynmanChecklist', 'Feynman mastery checklist', 0, 'text', 'Can you explain each model in one clear sentence?', NULL, NULL);
INSERT INTO subject_topic_sections (id, card_id, section_key, section_title, item_order, item_type, text_value, label, url) VALUES ('subject_topic_sections-item-ede7fe480efde4b6', 'subject-card-fd50ab2928f76c05', 'feynmanChecklist', 'Feynman mastery checklist', 1, 'text', 'Can you draw each model and label parts?', NULL, NULL);
INSERT INTO subject_topic_sections (id, card_id, section_key, section_title, item_order, item_type, text_value, label, url) VALUES ('subject_topic_sections-item-269420ba5a7517b8', 'subject-card-fd50ab2928f76c05', 'feynmanChecklist', 'Feynman mastery checklist', 2, 'text', 'Can you say which experiment led to each new model and why?', NULL, NULL);
INSERT INTO subject_topic_sections (id, card_id, section_key, section_title, item_order, item_type, text_value, label, url) VALUES ('subject_topic_sections-item-20ab879c83d28c29', 'subject-card-fd50ab2928f76c05', 'applications', 'Real-world applications', 0, 'text', 'Understanding atomic models helps explain chemical behavior, light spectra, and how instruments (like electron microscopes) work.', NULL, NULL);
INSERT INTO subject_topic_cards (id, subject_slug, title, summary, source_kind, source_upload_id, source_ref, created_at, updated_at) VALUES ('subject-card-0c17120cab72cf4c', 'science', 'Current Chemistry Test Range', 'The current Chemistry test range starts with the March 23, 2026 content and continues through the most recent posted class materials.', 'manual', NULL, NULL, '2026-03-29T15:04:28.951Z', '2026-03-29T15:04:28.951Z');
INSERT INTO subject_topic_sections (id, card_id, section_key, section_title, item_order, item_type, text_value, label, url) VALUES ('subject_topic_sections-item-1f039ea0e2d6cc45', 'subject-card-0c17120cab72cf4c', 'keyConcepts', 'Key concepts', 0, 'text', 'Periodic table patterns', NULL, NULL);
INSERT INTO subject_topic_sections (id, card_id, section_key, section_title, item_order, item_type, text_value, label, url) VALUES ('subject_topic_sections-item-0f5b789c3d12aefb', 'subject-card-0c17120cab72cf4c', 'keyConcepts', 'Key concepts', 1, 'text', 'The periodic table', NULL, NULL);
INSERT INTO subject_topic_sections (id, card_id, section_key, section_title, item_order, item_type, text_value, label, url) VALUES ('subject_topic_sections-item-52175ccb80402714', 'subject-card-0c17120cab72cf4c', 'keyConcepts', 'Key concepts', 2, 'text', 'Atomic theory', NULL, NULL);
INSERT INTO subject_topic_sections (id, card_id, section_key, section_title, item_order, item_type, text_value, label, url) VALUES ('subject_topic_sections-item-507be5b86bca271c', 'subject-card-0c17120cab72cf4c', 'keyConcepts', 'Key concepts', 3, 'text', 'Coding for Science connections where assigned', NULL, NULL);
INSERT INTO subject_topic_sections (id, card_id, section_key, section_title, item_order, item_type, text_value, label, url) VALUES ('subject_topic_sections-item-cb8c1ccdb111769a', 'subject-card-0c17120cab72cf4c', 'teacherNotes', 'Teacher notes summary', 0, 'text', 'March 23, 2026 and later Chemistry posts are part of the next test range.', NULL, NULL);
INSERT INTO subject_topic_sections (id, card_id, section_key, section_title, item_order, item_type, text_value, label, url) VALUES ('subject_topic_sections-item-f4d39540ebdd5df1', 'subject-card-0c17120cab72cf4c', 'teacherNotes', 'Teacher notes summary', 1, 'text', 'Use recent Google Classroom materials as the main review source.', NULL, NULL);
INSERT INTO subject_topic_sections (id, card_id, section_key, section_title, item_order, item_type, text_value, label, url) VALUES ('subject_topic_sections-item-4cd496209b3fb8c8', 'subject-card-0c17120cab72cf4c', 'resources', 'Useful learning resources', 0, 'text', 'Mar 23 - Periodic Table Patterns', NULL, NULL);
INSERT INTO subject_topic_sections (id, card_id, section_key, section_title, item_order, item_type, text_value, label, url) VALUES ('subject_topic_sections-item-3abad4ba6b8c9f0d', 'subject-card-0c17120cab72cf4c', 'resources', 'Useful learning resources', 1, 'text', 'Mar 24 - The Periodic Table', NULL, NULL);
INSERT INTO subject_topic_sections (id, card_id, section_key, section_title, item_order, item_type, text_value, label, url) VALUES ('subject_topic_sections-item-f0f2f77398a6afcd', 'subject-card-0c17120cab72cf4c', 'resources', 'Useful learning resources', 2, 'text', 'Mar 27 - Atomic Theory', NULL, NULL);
INSERT INTO subject_topic_sections (id, card_id, section_key, section_title, item_order, item_type, text_value, label, url) VALUES ('subject_topic_sections-item-261110ed2f26bfec', 'subject-card-0c17120cab72cf4c', 'feynmanChecklist', 'Feynman mastery checklist', 0, 'text', 'I can explain the main periodic table patterns.', NULL, NULL);
INSERT INTO subject_topic_sections (id, card_id, section_key, section_title, item_order, item_type, text_value, label, url) VALUES ('subject_topic_sections-item-533882d5921b0621', 'subject-card-0c17120cab72cf4c', 'feynmanChecklist', 'Feynman mastery checklist', 1, 'text', 'I can describe the key idea of atomic theory in simple words.', NULL, NULL);
INSERT INTO subject_topic_cards (id, subject_slug, title, summary, source_kind, source_upload_id, source_ref, created_at, updated_at) VALUES ('subject-card-70bcc12fa17f7a36', 'math', 'Cycle 3: 3.01 to Current', 'Current Grade 9 Math work is focused on Cycle 3. Based on recent Google Classroom posts and your note, the next test range covers lessons 3.01 through the current lesson.', 'manual', NULL, NULL, '2026-03-29T15:04:28.951Z', '2026-03-29T15:04:28.951Z');
INSERT INTO subject_topic_sections (id, card_id, section_key, section_title, item_order, item_type, text_value, label, url) VALUES ('subject_topic_sections-item-b575034ee4e222bf', 'subject-card-70bcc12fa17f7a36', 'formulas', 'Formulas', 0, 'text', 'Use multiple representations: words, tables, graphs, and equations.', NULL, NULL);
INSERT INTO subject_topic_sections (id, card_id, section_key, section_title, item_order, item_type, text_value, label, url) VALUES ('subject_topic_sections-item-42aa91580fb42222', 'subject-card-70bcc12fa17f7a36', 'formulas', 'Formulas', 1, 'text', 'Compare linear and non-linear patterns by how they change across representations.', NULL, NULL);
INSERT INTO subject_topic_sections (id, card_id, section_key, section_title, item_order, item_type, text_value, label, url) VALUES ('subject_topic_sections-item-d575b85dff86edc6', 'subject-card-70bcc12fa17f7a36', 'solvingSteps', 'Step-by-step solving process', 0, 'text', 'Review 3.01 to the current lesson in order.', NULL, NULL);
INSERT INTO subject_topic_sections (id, card_id, section_key, section_title, item_order, item_type, text_value, label, url) VALUES ('subject_topic_sections-item-385570597943dbc8', 'subject-card-70bcc12fa17f7a36', 'solvingSteps', 'Step-by-step solving process', 1, 'text', 'Identify the main idea of each lesson before practising questions.', NULL, NULL);
INSERT INTO subject_topic_sections (id, card_id, section_key, section_title, item_order, item_type, text_value, label, url) VALUES ('subject_topic_sections-item-bab675e227867cf9', 'subject-card-70bcc12fa17f7a36', 'solvingSteps', 'Step-by-step solving process', 2, 'text', 'Switch between graph, table, equation, and word-problem forms.', NULL, NULL);
INSERT INTO subject_topic_sections (id, card_id, section_key, section_title, item_order, item_type, text_value, label, url) VALUES ('subject_topic_sections-item-65e835076591d370', 'subject-card-70bcc12fa17f7a36', 'solvingSteps', 'Step-by-step solving process', 3, 'text', 'Check which topics still feel weak before the next test.', NULL, NULL);
INSERT INTO subject_topic_sections (id, card_id, section_key, section_title, item_order, item_type, text_value, label, url) VALUES ('subject_topic_sections-item-b9ed74e7753e6dad', 'subject-card-70bcc12fa17f7a36', 'examples', 'Worked examples', 0, 'text', 'Single variable data and boxplots', NULL, NULL);
INSERT INTO subject_topic_sections (id, card_id, section_key, section_title, item_order, item_type, text_value, label, url) VALUES ('subject_topic_sections-item-333747926d399a82', 'subject-card-70bcc12fa17f7a36', 'examples', 'Worked examples', 1, 'text', 'Coordinate plane', NULL, NULL);
INSERT INTO subject_topic_sections (id, card_id, section_key, section_title, item_order, item_type, text_value, label, url) VALUES ('subject_topic_sections-item-e42640d64dbf60b7', 'subject-card-70bcc12fa17f7a36', 'examples', 'Worked examples', 2, 'text', 'Patterns and multiple representations', NULL, NULL);
INSERT INTO subject_topic_sections (id, card_id, section_key, section_title, item_order, item_type, text_value, label, url) VALUES ('subject_topic_sections-item-4b908fbc390d8d22', 'subject-card-70bcc12fa17f7a36', 'examples', 'Worked examples', 3, 'text', 'Word problems', NULL, NULL);
INSERT INTO subject_topic_sections (id, card_id, section_key, section_title, item_order, item_type, text_value, label, url) VALUES ('subject_topic_sections-item-b12442423c258b93', 'subject-card-70bcc12fa17f7a36', 'examples', 'Worked examples', 4, 'text', 'Solving equations', NULL, NULL);
INSERT INTO subject_topic_sections (id, card_id, section_key, section_title, item_order, item_type, text_value, label, url) VALUES ('subject_topic_sections-item-d5d66f2e867102ed', 'subject-card-70bcc12fa17f7a36', 'commonMistakes', 'Common mistakes', 0, 'text', 'Treating different representations as separate skills instead of connected ideas.', NULL, NULL);
INSERT INTO subject_topic_sections (id, card_id, section_key, section_title, item_order, item_type, text_value, label, url) VALUES ('subject_topic_sections-item-82e853bb6af2ed15', 'subject-card-70bcc12fa17f7a36', 'commonMistakes', 'Common mistakes', 1, 'text', 'Mixing up linear and non-linear patterns.', NULL, NULL);
INSERT INTO subject_topic_sections (id, card_id, section_key, section_title, item_order, item_type, text_value, label, url) VALUES ('subject_topic_sections-item-3d208f821fe98ae8', 'subject-card-70bcc12fa17f7a36', 'commonMistakes', 'Common mistakes', 2, 'text', 'Rushing through word problems without identifying the relationship first.', NULL, NULL);
INSERT INTO subject_topic_sections (id, card_id, section_key, section_title, item_order, item_type, text_value, label, url) VALUES ('subject_topic_sections-item-eefbe3948b130da6', 'subject-card-70bcc12fa17f7a36', 'practiceEasy', 'Easy practice questions', 0, 'text', 'Review boxplots and explain what the median and spread show.', NULL, NULL);
INSERT INTO subject_topic_sections (id, card_id, section_key, section_title, item_order, item_type, text_value, label, url) VALUES ('subject_topic_sections-item-87ad0a6b5c3def58', 'subject-card-70bcc12fa17f7a36', 'practiceEasy', 'Easy practice questions', 1, 'text', 'Plot and read points on the coordinate plane.', NULL, NULL);
INSERT INTO subject_topic_sections (id, card_id, section_key, section_title, item_order, item_type, text_value, label, url) VALUES ('subject_topic_sections-item-c0d72a1e39f05e0d', 'subject-card-70bcc12fa17f7a36', 'practiceMedium', 'Medium practice questions', 0, 'text', 'Compare a table and graph to decide whether the pattern is linear or non-linear.', NULL, NULL);
INSERT INTO subject_topic_sections (id, card_id, section_key, section_title, item_order, item_type, text_value, label, url) VALUES ('subject_topic_sections-item-aba751a181e1c183', 'subject-card-70bcc12fa17f7a36', 'practiceMedium', 'Medium practice questions', 1, 'text', 'Translate a short word problem into a table or equation.', NULL, NULL);
INSERT INTO subject_topic_sections (id, card_id, section_key, section_title, item_order, item_type, text_value, label, url) VALUES ('subject_topic_sections-item-97e30741dd60aadb', 'subject-card-70bcc12fa17f7a36', 'practiceHard', 'Hard practice questions', 0, 'text', 'Complete one mixed review set using topics from 3.01 through the current lesson.', NULL, NULL);
INSERT INTO subject_topic_sections (id, card_id, section_key, section_title, item_order, item_type, text_value, label, url) VALUES ('subject_topic_sections-item-47a7958374195408', 'subject-card-70bcc12fa17f7a36', 'practiceHard', 'Hard practice questions', 1, 'text', 'Solve an equation and explain how it connects to a pattern or representation.', NULL, NULL);
INSERT INTO subject_topic_cards (id, subject_slug, title, summary, source_kind, source_upload_id, source_ref, created_at, updated_at) VALUES ('subject-card-231cce9743804940', 'english', 'Lesson 5: Literary Devices and Imagery', 'Nick''s current English content focuses on literary devices, especially imagery and cause-and-effect thinking, using ''There Will Come Soft Rains'' as a study text.', 'manual', NULL, NULL, '2026-03-29T15:04:28.951Z', '2026-03-29T15:04:28.951Z');
INSERT INTO subject_topic_sections (id, card_id, section_key, section_title, item_order, item_type, text_value, label, url) VALUES ('subject_topic_sections-item-3de757a62daec9ac', 'subject-card-231cce9743804940', 'readingFocus', 'Reading focus', 0, 'text', 'Identify examples of imagery in the story.', NULL, NULL);
INSERT INTO subject_topic_sections (id, card_id, section_key, section_title, item_order, item_type, text_value, label, url) VALUES ('subject_topic_sections-item-60e1c9e7ab446547', 'subject-card-231cce9743804940', 'readingFocus', 'Reading focus', 1, 'text', 'Notice how descriptions appeal to sight, sound, smell, touch, or taste.', NULL, NULL);
INSERT INTO subject_topic_sections (id, card_id, section_key, section_title, item_order, item_type, text_value, label, url) VALUES ('subject_topic_sections-item-488d521dd3366b7d', 'subject-card-231cce9743804940', 'readingFocus', 'Reading focus', 2, 'text', 'Think about the effect created by each image.', NULL, NULL);
INSERT INTO subject_topic_sections (id, card_id, section_key, section_title, item_order, item_type, text_value, label, url) VALUES ('subject_topic_sections-item-3fc54a19f001d468', 'subject-card-231cce9743804940', 'writingTips', 'Writing structure support', 0, 'text', 'When analyzing imagery, explain both the image and the feeling or effect it creates.', NULL, NULL);
INSERT INTO subject_topic_sections (id, card_id, section_key, section_title, item_order, item_type, text_value, label, url) VALUES ('subject_topic_sections-item-0e1dbaa86f3cbcc3', 'subject-card-231cce9743804940', 'writingTips', 'Writing structure support', 1, 'text', 'Use evidence from the text, then connect it clearly to the author''s purpose.', NULL, NULL);
INSERT INTO subject_topic_sections (id, card_id, section_key, section_title, item_order, item_type, text_value, label, url) VALUES ('subject_topic_sections-item-dfa74d2ca95a3347', 'subject-card-231cce9743804940', 'writingTips', 'Writing structure support', 2, 'text', 'Cause and effect can help explain why a literary device changes the reader''s understanding.', NULL, NULL);
INSERT INTO subject_topic_sections (id, card_id, section_key, section_title, item_order, item_type, text_value, label, url) VALUES ('subject_topic_sections-item-e17af45c285a635f', 'subject-card-231cce9743804940', 'structureTemplates', 'Structure templates', 0, 'text', 'Quote or example -> sense appealed to -> feeling created -> explanation of effect', NULL, NULL);
INSERT INTO subject_topic_sections (id, card_id, section_key, section_title, item_order, item_type, text_value, label, url) VALUES ('subject_topic_sections-item-577cd53e6f0a595c', 'subject-card-231cce9743804940', 'structureTemplates', 'Structure templates', 1, 'text', 'Point -> evidence -> analysis -> connection to idea', NULL, NULL);
INSERT INTO subject_topic_sections (id, card_id, section_key, section_title, item_order, item_type, text_value, label, url) VALUES ('subject_topic_sections-item-f51efc21d6006c56', 'subject-card-231cce9743804940', 'vocabulary', 'Vocabulary support', 0, 'text', 'literary device', NULL, NULL);
INSERT INTO subject_topic_sections (id, card_id, section_key, section_title, item_order, item_type, text_value, label, url) VALUES ('subject_topic_sections-item-83855f03ce640e07', 'subject-card-231cce9743804940', 'vocabulary', 'Vocabulary support', 1, 'text', 'imagery', NULL, NULL);
INSERT INTO subject_topic_sections (id, card_id, section_key, section_title, item_order, item_type, text_value, label, url) VALUES ('subject_topic_sections-item-882397db6b1b717f', 'subject-card-231cce9743804940', 'vocabulary', 'Vocabulary support', 2, 'text', 'effect', NULL, NULL);
INSERT INTO subject_topic_sections (id, card_id, section_key, section_title, item_order, item_type, text_value, label, url) VALUES ('subject_topic_sections-item-6914508975a1712c', 'subject-card-231cce9743804940', 'vocabulary', 'Vocabulary support', 3, 'text', 'sense', NULL, NULL);
INSERT INTO subject_topic_sections (id, card_id, section_key, section_title, item_order, item_type, text_value, label, url) VALUES ('subject_topic_sections-item-f8a2ae4e9baa84dd', 'subject-card-231cce9743804940', 'vocabulary', 'Vocabulary support', 4, 'text', 'analysis', NULL, NULL);
INSERT INTO subject_topic_sections (id, card_id, section_key, section_title, item_order, item_type, text_value, label, url) VALUES ('subject_topic_sections-item-e38218b3eb4b56e4', 'subject-card-231cce9743804940', 'vocabulary', 'Vocabulary support', 5, 'text', 'cause and effect', NULL, NULL);
INSERT INTO subject_topic_sections (id, card_id, section_key, section_title, item_order, item_type, text_value, label, url) VALUES ('subject_topic_sections-item-1df72f8ce0fade47', 'subject-card-231cce9743804940', 'resources', 'Useful learning resources', 0, 'resource', NULL, 'Nick English Google Drive folder', 'https://drive.google.com/drive/folders/1dYVPTHi9zarIKhdQ4b4L3Bn08DDScCYr');
INSERT INTO subject_topic_sections (id, card_id, section_key, section_title, item_order, item_type, text_value, label, url) VALUES ('subject_topic_sections-item-100baf8ac25da4a5', 'subject-card-231cce9743804940', 'resources', 'Useful learning resources', 1, 'resource', NULL, 'Lesson 5.docx', NULL);
INSERT INTO subject_topic_sections (id, card_id, section_key, section_title, item_order, item_type, text_value, label, url) VALUES ('subject_topic_sections-item-5b0d31a49ea9fef9', 'subject-card-231cce9743804940', 'resources', 'Useful learning resources', 2, 'resource', NULL, 'There Will Come Soft Rains by Ray Bradbury', NULL);
INSERT INTO subject_topic_sections (id, card_id, section_key, section_title, item_order, item_type, text_value, label, url) VALUES ('subject_topic_sections-item-d6eef619f96d3d4a', 'subject-card-231cce9743804940', 'practicePrompts', 'Short practice prompts', 0, 'text', 'Choose one example of imagery from ''There Will Come Soft Rains'' and explain the feeling it creates.', NULL, NULL);
INSERT INTO subject_topic_sections (id, card_id, section_key, section_title, item_order, item_type, text_value, label, url) VALUES ('subject_topic_sections-item-428f4b106aa51f7b', 'subject-card-231cce9743804940', 'practicePrompts', 'Short practice prompts', 1, 'text', 'Explain how Ray Bradbury uses imagery to help the reader understand the empty house.', NULL, NULL);
INSERT INTO subject_topic_sections (id, card_id, section_key, section_title, item_order, item_type, text_value, label, url) VALUES ('subject_topic_sections-item-c118239b9a0290ac', 'subject-card-231cce9743804940', 'practicePrompts', 'Short practice prompts', 2, 'text', 'Describe one cause-and-effect relationship in the story and explain why it matters.', NULL, NULL);
INSERT INTO study_tasks (id, bucket, subject_slug, topic, task_type, note, due_date, priority, resource_label, resource_url, classroom_topic, classroom_type, source_kind, source_key, source_upload_id, is_active, created_at, updated_at) VALUES ('task-de4b390f73db099d', 'today', 'science', 'Atomic Models summary', 'Prep', 'Read the PDF handout and write one sentence summary for each atomic model. Bring your notes to class.', 'today', 'High', 'Open 10.2 Atomic Model Summary.pdf', 'uploads/docs/10-2-Atomic-Model-Summary-2026-03-29T14-07-23-845Z.pdf', NULL, NULL, 'manual', NULL, 'upload-ddb9dd7d6b929db3', 1, '2026-03-29T15:04:28.952Z', '2026-03-29T15:04:28.952Z');
INSERT INTO study_tasks (id, bucket, subject_slug, topic, task_type, note, due_date, priority, resource_label, resource_url, classroom_topic, classroom_type, source_kind, source_key, source_upload_id, is_active, created_at, updated_at) VALUES ('task-db93eae9cd25fd16', 'today', 'english', 'Nick''s writing homework routine', 'homework', 'Saturday routine: complete Nick''s writing homework and check that the main idea is clear.', '2026-03-28', 'Medium', NULL, NULL, NULL, NULL, 'manual', NULL, NULL, 1, '2026-03-29T15:04:28.952Z', '2026-03-29T15:04:28.952Z');
INSERT INTO study_tasks (id, bucket, subject_slug, topic, task_type, note, due_date, priority, resource_label, resource_url, classroom_topic, classroom_type, source_kind, source_key, source_upload_id, is_active, created_at, updated_at) VALUES ('task-3fca628aac6aefbf', 'today', 'math', 'Grade 10 math practice routine', 'preview', 'Saturday routine: do a short Grade 10 math practice set and show full working.', '2026-03-28', 'Medium', 'Open Grade 10 geometry skill map', 'resources/math/grade-10-geometry-skill-map.html', NULL, NULL, 'manual', NULL, NULL, 1, '2026-03-29T15:04:28.952Z', '2026-03-29T15:04:28.952Z');
INSERT INTO study_tasks (id, bucket, subject_slug, topic, task_type, note, due_date, priority, resource_label, resource_url, classroom_topic, classroom_type, source_kind, source_key, source_upload_id, is_active, created_at, updated_at) VALUES ('task-b91fec41b4535318', 'week', 'english', 'Nick''s writing homework routine', 'homework', 'Sunday routine: finish Nick''s writing homework and revise one paragraph for clarity.', '2026-03-29', 'Medium', NULL, NULL, NULL, NULL, 'manual', NULL, NULL, 1, '2026-03-29T15:04:28.952Z', '2026-03-29T15:04:28.952Z');
INSERT INTO study_tasks (id, bucket, subject_slug, topic, task_type, note, due_date, priority, resource_label, resource_url, classroom_topic, classroom_type, source_kind, source_key, source_upload_id, is_active, created_at, updated_at) VALUES ('task-853da0b23a54a700', 'week', 'math', 'Grade 10 math practice routine', 'preview', 'Sunday routine: complete Grade 10 math practice and check any mistakes carefully.', '2026-03-29', 'Medium', 'Open Grade 10 geometry skill map', 'resources/math/grade-10-geometry-skill-map.html', NULL, NULL, 'manual', NULL, NULL, 1, '2026-03-29T15:04:28.952Z', '2026-03-29T15:04:28.952Z');
INSERT INTO study_tasks (id, bucket, subject_slug, topic, task_type, note, due_date, priority, resource_label, resource_url, classroom_topic, classroom_type, source_kind, source_key, source_upload_id, is_active, created_at, updated_at) VALUES ('task-fb9f6c7642409bed', 'week', 'math', 'Cycle 3 review: 3.01 to current overview', 'review', 'Start a full Cycle 3 review covering 3.01 up to the most recent classwork. Include single variable data and boxplots, coordinate plane, patterns, multiple representations, and word problems. This is based on current classwork and your expectation that these lessons are part of the next test range.', '2026-03-29', 'High', 'Open box plots review', 'resources/math/box-plots-review.html', NULL, NULL, 'manual', NULL, NULL, 1, '2026-03-29T15:04:28.952Z', '2026-03-29T15:04:28.952Z');
INSERT INTO study_tasks (id, bucket, subject_slug, topic, task_type, note, due_date, priority, resource_label, resource_url, classroom_topic, classroom_type, source_kind, source_key, source_upload_id, is_active, created_at, updated_at) VALUES ('task-d65c0208538e76ef', 'week', 'math', 'Cycle 3 review: equations and representations', 'review', 'Focus on the later Cycle 3 pieces including linear vs non-linear patterns, multiple representations, word problems, and the recent Pixel Art - Solving Equations assignment. Treat this as next-test preparation, not a confirmed posted evaluation.', '2026-03-30', 'High', 'Open box plots review', 'resources/math/box-plots-review.html', NULL, NULL, 'manual', NULL, NULL, 1, '2026-03-29T15:04:28.952Z', '2026-03-29T15:04:28.952Z');
INSERT INTO study_tasks (id, bucket, subject_slug, topic, task_type, note, due_date, priority, resource_label, resource_url, classroom_topic, classroom_type, source_kind, source_key, source_upload_id, is_active, created_at, updated_at) VALUES ('task-4a06edf59810e2d9', 'week', 'science', 'Preview: Gas Test Lab', 'preview', 'Before Monday''s class, review how oxygen, hydrogen, and carbon dioxide are identified in a gas test lab. Use the Science page lesson support links first.', '2026-03-30', 'High', NULL, NULL, NULL, NULL, 'manual', NULL, NULL, 1, '2026-03-29T15:04:28.952Z', '2026-03-29T15:04:28.952Z');
INSERT INTO study_tasks (id, bucket, subject_slug, topic, task_type, note, due_date, priority, resource_label, resource_url, classroom_topic, classroom_type, source_kind, source_key, source_upload_id, is_active, created_at, updated_at) VALUES ('task-b9beac1273d5e010', 'week', 'science', 'Chemistry review: Mar 23 to current', 'review', 'Review the Chemistry test range starting from March 23, 2026. Focus on periodic table patterns, the periodic table, and atomic theory from recent Google Classroom posts.', '2026-03-31', 'High', NULL, NULL, NULL, NULL, 'manual', NULL, NULL, 1, '2026-03-29T15:04:28.952Z', '2026-03-29T15:04:28.952Z');
INSERT INTO study_tasks (id, bucket, subject_slug, topic, task_type, note, due_date, priority, resource_label, resource_url, classroom_topic, classroom_type, source_kind, source_key, source_upload_id, is_active, created_at, updated_at) VALUES ('task-60cd8a4ce7068fd6', 'week', 'math', 'Math classroom: latest Cycle 3 practice', 'review', 'Auto-synced from Google Classroom. Focus on: Pixel Art- Solving Equations; 3.08 Multiple representations- word problems; 3.06- (March 24) Linear vs Non-linear patterns.', '2026-03-31', 'Medium', 'Open box plots review', 'resources/math/box-plots-review.html', 'Cycle 3', 'review', 'classroom_sync', 'math-cycle3-review', NULL, 1, '2026-03-29T15:04:28.952Z', '2026-03-29T15:04:28.952Z');
INSERT INTO study_tasks (id, bucket, subject_slug, topic, task_type, note, due_date, priority, resource_label, resource_url, classroom_topic, classroom_type, source_kind, source_key, source_upload_id, is_active, created_at, updated_at) VALUES ('task-2396ee7db5c7cabf', 'week', 'science', 'Science classroom: Chemistry review from latest posts', 'review', 'Auto-synced from Google Classroom Chemistry posts. Review: Mar 27 - Atomic Theory; Mar 25 - Coding for Science; The Periodic Table. This is review support, not a confirmed test notice.', '2026-03-31', 'High', NULL, NULL, 'Chemistry', 'review', 'classroom_sync', 'science-latest-review', NULL, 1, '2026-03-29T15:04:28.953Z', '2026-03-29T15:04:28.953Z');
INSERT INTO study_tasks (id, bucket, subject_slug, topic, task_type, note, due_date, priority, resource_label, resource_url, classroom_topic, classroom_type, source_kind, source_key, source_upload_id, is_active, created_at, updated_at) VALUES ('task-8582e25393cac50e', 'week', 'english', 'Nick''s writing class routine', 'learn', 'Wednesday routine from 6:00 PM to 7:00 PM: attend Nick''s writing class and note one writing skill to practice after class.', '2026-04-01', 'High', NULL, NULL, NULL, NULL, 'manual', NULL, NULL, 1, '2026-03-29T15:04:28.953Z', '2026-03-29T15:04:28.953Z');
INSERT INTO study_tasks (id, bucket, subject_slug, topic, task_type, note, due_date, priority, resource_label, resource_url, classroom_topic, classroom_type, source_kind, source_key, source_upload_id, is_active, created_at, updated_at) VALUES ('task-85884f5baa5b45a9', 'week', 'english', 'Nick English review: Lesson 5 imagery', 'review', 'Review Lesson 5 on literary devices and imagery. Use ''There Will Come Soft Rains'' to practice identifying imagery, the sense it appeals to, and the effect it creates.', '2026-04-01', 'High', NULL, NULL, NULL, NULL, 'manual', NULL, NULL, 1, '2026-03-29T15:04:28.953Z', '2026-03-29T15:04:28.953Z');
INSERT INTO study_tasks (id, bucket, subject_slug, topic, task_type, note, due_date, priority, resource_label, resource_url, classroom_topic, classroom_type, source_kind, source_key, source_upload_id, is_active, created_at, updated_at) VALUES ('task-8920f41e755df075', 'week', 'science', 'Science classroom: Mar 27 - Atomic Theory', 'learn', 'Auto-synced from Google Classroom Chemistry materials. Use this as current study focus support.', '2026-04-01', 'Medium', NULL, NULL, 'Chemistry', 'material', 'classroom_sync', 'science-current-focus', NULL, 1, '2026-03-29T15:04:28.953Z', '2026-03-29T15:04:28.953Z');
INSERT INTO study_tasks (id, bucket, subject_slug, topic, task_type, note, due_date, priority, resource_label, resource_url, classroom_topic, classroom_type, source_kind, source_key, source_upload_id, is_active, created_at, updated_at) VALUES ('task-40283a146a812baf', 'week', 'english', 'Friday study group routine', 'review', 'Friday routine: join the study group and bring one question from each main subject.', '2026-04-03', 'Medium', NULL, NULL, NULL, NULL, 'manual', NULL, NULL, 1, '2026-03-29T15:04:28.953Z', '2026-03-29T15:04:28.953Z');
INSERT INTO study_tasks (id, bucket, subject_slug, topic, task_type, note, due_date, priority, resource_label, resource_url, classroom_topic, classroom_type, source_kind, source_key, source_upload_id, is_active, created_at, updated_at) VALUES ('task-b847f28caacab5d8', 'week', 'science', 'Class questions', 'Prep', 'Prepare 2 questions about experiments (Thomson, Rutherford, Bohr) to ask in class.', 'in 3 days', 'Medium', 'Open 10.2 Atomic Model Summary.pdf', 'uploads/docs/10-2-Atomic-Model-Summary-2026-03-29T14-07-23-845Z.pdf', NULL, NULL, 'manual', NULL, 'upload-ddb9dd7d6b929db3', 1, '2026-03-29T15:04:28.953Z', '2026-03-29T15:04:28.953Z');
INSERT INTO study_tasks (id, bucket, subject_slug, topic, task_type, note, due_date, priority, resource_label, resource_url, classroom_topic, classroom_type, source_kind, source_key, source_upload_id, is_active, created_at, updated_at) VALUES ('task-08046c7eda99e941', 'nextWeek', 'math', 'Cycle 3 review: full test-range check', 'review', 'Do one full review pass across Cycle 3 lessons 3.01 through the current lesson. Check boxplots, coordinate plane, patterns, multiple representations, word problems, and solving equations, then note weak spots before the next expected test.', '2026-04-02', 'High', 'Open box plots review', 'resources/math/box-plots-review.html', NULL, NULL, 'manual', NULL, NULL, 1, '2026-03-29T15:04:28.953Z', '2026-03-29T15:04:28.953Z');
INSERT INTO study_tasks (id, bucket, subject_slug, topic, task_type, note, due_date, priority, resource_label, resource_url, classroom_topic, classroom_type, source_kind, source_key, source_upload_id, is_active, created_at, updated_at) VALUES ('task-6e49ef7a6da2ebe0', 'nextWeek', 'english', 'Nick''s writing homework routine', 'homework', 'Saturday routine: complete Nick''s writing homework and polish sentence flow.', '2026-04-04', 'Medium', NULL, NULL, NULL, NULL, 'manual', NULL, NULL, 1, '2026-03-29T15:04:28.953Z', '2026-03-29T15:04:28.953Z');
INSERT INTO study_tasks (id, bucket, subject_slug, topic, task_type, note, due_date, priority, resource_label, resource_url, classroom_topic, classroom_type, source_kind, source_key, source_upload_id, is_active, created_at, updated_at) VALUES ('task-67a2e6bff8d933b1', 'nextWeek', 'math', 'Grade 10 math practice routine', 'preview', 'Saturday routine: do a short Grade 10 math practice set and check your steps.', '2026-04-04', 'Medium', 'Open Grade 10 geometry skill map', 'resources/math/grade-10-geometry-skill-map.html', NULL, NULL, 'manual', NULL, NULL, 1, '2026-03-29T15:04:28.953Z', '2026-03-29T15:04:28.953Z');
INSERT INTO study_tasks (id, bucket, subject_slug, topic, task_type, note, due_date, priority, resource_label, resource_url, classroom_topic, classroom_type, source_kind, source_key, source_upload_id, is_active, created_at, updated_at) VALUES ('task-f79a307e82c0e358', 'nextWeek', 'english', 'Nick''s writing homework routine', 'homework', 'Sunday routine: finish Nick''s writing homework and review corrections.', '2026-04-05', 'Medium', NULL, NULL, NULL, NULL, 'manual', NULL, NULL, 1, '2026-03-29T15:04:28.953Z', '2026-03-29T15:04:28.953Z');
INSERT INTO study_tasks (id, bucket, subject_slug, topic, task_type, note, due_date, priority, resource_label, resource_url, classroom_topic, classroom_type, source_kind, source_key, source_upload_id, is_active, created_at, updated_at) VALUES ('task-22e4d33cff4250db', 'nextWeek', 'math', 'Grade 10 math practice routine', 'preview', 'Sunday routine: finish another Grade 10 math practice set and correct any errors.', '2026-04-05', 'Medium', 'Open Grade 10 geometry skill map', 'resources/math/grade-10-geometry-skill-map.html', NULL, NULL, 'manual', NULL, NULL, 1, '2026-03-29T15:04:28.953Z', '2026-03-29T15:04:28.953Z');
INSERT INTO study_tasks (id, bucket, subject_slug, topic, task_type, note, due_date, priority, resource_label, resource_url, classroom_topic, classroom_type, source_kind, source_key, source_upload_id, is_active, created_at, updated_at) VALUES ('task-83ee4d999dbbb6e1', 'nextWeek', 'english', 'Nick''s writing class routine', 'learn', 'Wednesday routine from 6:00 PM to 7:00 PM: attend Nick''s writing class and note one writing goal for the week.', '2026-04-08', 'High', NULL, NULL, NULL, NULL, 'manual', NULL, NULL, 1, '2026-03-29T15:04:28.953Z', '2026-03-29T15:04:28.953Z');
INSERT INTO study_tasks (id, bucket, subject_slug, topic, task_type, note, due_date, priority, resource_label, resource_url, classroom_topic, classroom_type, source_kind, source_key, source_upload_id, is_active, created_at, updated_at) VALUES ('task-69af125657bef4b6', 'nextWeek', 'english', 'Friday study group routine', 'review', 'Friday routine: meet with the study group and compare study strategies for the week.', '2026-04-10', 'Medium', NULL, NULL, NULL, NULL, 'manual', NULL, NULL, 1, '2026-03-29T15:04:28.953Z', '2026-03-29T15:04:28.953Z');
INSERT INTO classroom_sync_runs (id, generated_at, account, login_status, profile_dir, notes_json, created_at) VALUES ('classroom-run-ab48e8c34bd9c0ed', '2026-03-29T14:15:51.005Z', 'kjing2@ocdsb.ca', 'ready', 'C:\Users\guanh\workspace\lightningalert\studypilot\.playwright\google-classroom-profile', '["This file is generated locally by Playwright.","The scheduled task now prefers a saved persistent Google Classroom session.","If Google shows a challenge or sign-in page, refresh the local Classroom session once."]', '2026-03-29T15:04:28.953Z');
INSERT INTO classroom_courses (id, run_id, course_key, name, url, page_title, authenticated) VALUES ('classroom-course-4b6e743cc09353c1', 'classroom-run-ab48e8c34bd9c0ed', 'math', 'Grade 9 Math', 'https://classroom.google.com/w/ODI1MDk4ODUxNTc1/t/all', 'Classwork for Gr. 9 Math- Spark MTH1W1-01', 1);
INSERT INTO classroom_topics (id, course_id, topic_name, topic_order) VALUES ('classroom-topic-e488d85e762980ea', 'classroom-course-4b6e743cc09353c1', 'Cycle 3', 0);
INSERT INTO classroom_topics (id, course_id, topic_name, topic_order) VALUES ('classroom-topic-185ef2e6b722fb39', 'classroom-course-4b6e743cc09353c1', 'Cycle 2', 1);
INSERT INTO classroom_topics (id, course_id, topic_name, topic_order) VALUES ('classroom-topic-c828f885ae8efa6b', 'classroom-course-4b6e743cc09353c1', 'Cycle 1', 2);
INSERT INTO classroom_items (id, course_id, topic_name, title, meta, item_order, is_recent, created_at) VALUES ('classroom-item-ddc691925d458b02', 'classroom-course-4b6e743cc09353c1', 'Cycle 3', 'Pixel Art- Solving Equations', 'Assignment | Due Tomorrow', 0, 1, '2026-03-29T15:04:28.953Z');
INSERT INTO classroom_items (id, course_id, topic_name, title, meta, item_order, is_recent, created_at) VALUES ('classroom-item-8d7c862dd4ce20d7', 'classroom-course-4b6e743cc09353c1', 'Cycle 3', '3.08 Multiple representations- word problems', 'Assignment | Due Mar 27', 1, 1, '2026-03-29T15:04:28.953Z');
INSERT INTO classroom_items (id, course_id, topic_name, title, meta, item_order, is_recent, created_at) VALUES ('classroom-item-f917320a385ab67a', 'classroom-course-4b6e743cc09353c1', 'Cycle 3', '3.06- (March 24) Linear vs Non-linear patterns', 'Assignment | No due date', 2, 1, '2026-03-29T15:04:28.953Z');
INSERT INTO classroom_items (id, course_id, topic_name, title, meta, item_order, is_recent, created_at) VALUES ('classroom-item-b50e471cb594b543', 'classroom-course-4b6e743cc09353c1', 'Cycle 3', '3.05- Patterns and Multiple representations', 'Assignment | No due date', 3, 1, '2026-03-29T15:04:28.953Z');
INSERT INTO classroom_items (id, course_id, topic_name, title, meta, item_order, is_recent, created_at) VALUES ('classroom-item-676fe86b603f30d1', 'classroom-course-4b6e743cc09353c1', 'Cycle 3', '3.04- Coordinate Plane', 'Assignment | Due Mar 16', 4, 1, '2026-03-29T15:04:28.953Z');
INSERT INTO classroom_items (id, course_id, topic_name, title, meta, item_order, is_recent, created_at) VALUES ('classroom-item-97d92863ded7630a', 'classroom-course-4b6e743cc09353c1', 'Cycle 3', '3.03B- March 12 Desmos Boxplot Activity', 'Completed Assignment | Due Mar 13, 11:59 PM', 5, 1, '2026-03-29T15:04:28.953Z');
INSERT INTO classroom_items (id, course_id, topic_name, title, meta, item_order, is_recent, created_at) VALUES ('classroom-item-38b351f9f9e2643a', 'classroom-course-4b6e743cc09353c1', 'Cycle 3', '3.03- Boxplots continued', 'Assignment | No due date', 6, 1, '2026-03-29T15:04:28.953Z');
INSERT INTO classroom_items (id, course_id, topic_name, title, meta, item_order, is_recent, created_at) VALUES ('classroom-item-c99e09888095d608', 'classroom-course-4b6e743cc09353c1', 'Cycle 3', '3.02- Boxplots continued', 'Assignment | Due Mar 11', 7, 1, '2026-03-29T15:04:28.953Z');
INSERT INTO classroom_items (id, course_id, topic_name, title, meta, item_order, is_recent, created_at) VALUES ('classroom-item-a560375d49d8ab23', 'classroom-course-4b6e743cc09353c1', 'Cycle 3', '3.01- Mar 9: Single Variable Data and Boxplots', 'Assignment | No due date', 8, 1, '2026-03-29T15:04:28.953Z');
INSERT INTO classroom_items (id, course_id, topic_name, title, meta, item_order, is_recent, created_at) VALUES ('classroom-item-af71b42334fe1b07', 'classroom-course-4b6e743cc09353c1', 'Cycle 2', 'Evaluation #2- Friday, March 6th', 'Assignment | No due date', 0, 1, '2026-03-29T15:04:28.953Z');
INSERT INTO classroom_items (id, course_id, topic_name, title, meta, item_order, is_recent, created_at) VALUES ('classroom-item-9a7c1451c8e8d524', 'classroom-course-4b6e743cc09353c1', 'Cycle 2', '2.07- Solving Word Problems (Mar 4)', 'Assignment | No due date', 1, 1, '2026-03-29T15:04:28.953Z');
INSERT INTO classroom_items (id, course_id, topic_name, title, meta, item_order, is_recent, created_at) VALUES ('classroom-item-b4624c7595a6189f', 'classroom-course-4b6e743cc09353c1', 'Cycle 2', '2.06(Mar 3) Rearranging Equations practice', 'Assignment | No due date', 2, 1, '2026-03-29T15:04:28.953Z');
INSERT INTO classroom_items (id, course_id, topic_name, title, meta, item_order, is_recent, created_at) VALUES ('classroom-item-cd26472ba93adbe2', 'classroom-course-4b6e743cc09353c1', 'Cycle 2', '2.05 Intro to Rearranging Equations', 'Assignment | No due date', 3, 0, '2026-03-29T15:04:28.953Z');
INSERT INTO classroom_items (id, course_id, topic_name, title, meta, item_order, is_recent, created_at) VALUES ('classroom-item-cd0c052310e8aa94', 'classroom-course-4b6e743cc09353c1', 'Cycle 2', 'Feb. 27- Fun Friday', 'Assignment | Due Feb 27', 4, 0, '2026-03-29T15:04:28.953Z');
INSERT INTO classroom_items (id, course_id, topic_name, title, meta, item_order, is_recent, created_at) VALUES ('classroom-item-92bb060cb7ddb0d1', 'classroom-course-4b6e743cc09353c1', 'Cycle 2', '2.04 Evaluating Equations', 'Assignment | Due Feb 27', 5, 0, '2026-03-29T15:04:28.953Z');
INSERT INTO classroom_items (id, course_id, topic_name, title, meta, item_order, is_recent, created_at) VALUES ('classroom-item-cd4a7e7513f83764', 'classroom-course-4b6e743cc09353c1', 'Cycle 2', '2.03 (Feb. 25)- Solving Equations with tiles', 'Assignment | Due Feb 27', 6, 0, '2026-03-29T15:04:28.953Z');
INSERT INTO classroom_items (id, course_id, topic_name, title, meta, item_order, is_recent, created_at) VALUES ('classroom-item-9a9e58812ecf8b02', 'classroom-course-4b6e743cc09353c1', 'Cycle 2', '2.02- Collecting Like Terms (continued)', 'Assignment | No due date', 7, 0, '2026-03-29T15:04:28.953Z');
INSERT INTO classroom_items (id, course_id, topic_name, title, meta, item_order, is_recent, created_at) VALUES ('classroom-item-0959b7cad1a410c2', 'classroom-course-4b6e743cc09353c1', 'Cycle 2', '2.01- Intro to Collecting Like Terms', 'Assignment | No due date', 8, 0, '2026-03-29T15:04:28.953Z');
INSERT INTO classroom_items (id, course_id, topic_name, title, meta, item_order, is_recent, created_at) VALUES ('classroom-item-cc6fd8488712f1b0', 'classroom-course-4b6e743cc09353c1', 'Cycle 1', 'Evaluation #1- Friday, February 20th, 2025', 'Assignment | Due Feb 20', 0, 0, '2026-03-29T15:04:28.953Z');
INSERT INTO classroom_items (id, course_id, topic_name, title, meta, item_order, is_recent, created_at) VALUES ('classroom-item-c154c7724b6c9b06', 'classroom-course-4b6e743cc09353c1', 'Cycle 1', 'Additional review- if you need more practice', 'Material | Posted Feb 19', 1, 0, '2026-03-29T15:04:28.953Z');
INSERT INTO classroom_items (id, course_id, topic_name, title, meta, item_order, is_recent, created_at) VALUES ('classroom-item-13eb3ffba939fe8c', 'classroom-course-4b6e743cc09353c1', 'Cycle 1', '1.11 REVIEW- Evaluation #1', 'Assignment | Due Feb 20', 2, 0, '2026-03-29T15:04:28.953Z');
INSERT INTO classroom_items (id, course_id, topic_name, title, meta, item_order, is_recent, created_at) VALUES ('classroom-item-a5ae1988358e1e0d', 'classroom-course-4b6e743cc09353c1', 'Cycle 1', '1.09 (Feb 18)- Number sets and word problems', 'Assignment | Due Feb 19', 3, 0, '2026-03-29T15:04:28.953Z');
INSERT INTO classroom_items (id, course_id, topic_name, title, meta, item_order, is_recent, created_at) VALUES ('classroom-item-1158c3475edf2611', 'classroom-course-4b6e743cc09353c1', 'Cycle 1', '1.08 (Feb. 17)- BEDMAS continued and Number Sets', 'Assignment | Due Feb 18', 4, 0, '2026-03-29T15:04:28.953Z');
INSERT INTO classroom_items (id, course_id, topic_name, title, meta, item_order, is_recent, created_at) VALUES ('classroom-item-2c8a44be0e207ab1', 'classroom-course-4b6e743cc09353c1', 'Cycle 1', '1.07- (Feb. 12) Exponents and BEDMAS', 'Assignment | No due date', 5, 0, '2026-03-29T15:04:28.953Z');
INSERT INTO classroom_items (id, course_id, topic_name, title, meta, item_order, is_recent, created_at) VALUES ('classroom-item-fd8d36e93627e3fb', 'classroom-course-4b6e743cc09353c1', 'Cycle 1', '1.06 (Feb. 11)- Operations with Fractions', 'Assignment | Due Feb 12', 6, 0, '2026-03-29T15:04:28.953Z');
INSERT INTO classroom_items (id, course_id, topic_name, title, meta, item_order, is_recent, created_at) VALUES ('classroom-item-75dafb480c57f072', 'classroom-course-4b6e743cc09353c1', 'Cycle 1', '1.05.5- Review of Fractions, Percents, and Decimals', 'Assignment | No due date', 7, 0, '2026-03-29T15:04:28.953Z');
INSERT INTO classroom_items (id, course_id, topic_name, title, meta, item_order, is_recent, created_at) VALUES ('classroom-item-f7e4e5e075239841', 'classroom-course-4b6e743cc09353c1', 'Cycle 1', '1.05- Simplifying and Converting Fractions', 'Assignment | Due Feb 9', 8, 0, '2026-03-29T15:04:28.953Z');
INSERT INTO classroom_items (id, course_id, topic_name, title, meta, item_order, is_recent, created_at) VALUES ('classroom-item-cb3f24d4edcf0877', 'classroom-course-4b6e743cc09353c1', 'Cycle 1', '1.04- Integers', 'Assignment | No due date', 9, 0, '2026-03-29T15:04:28.953Z');
INSERT INTO classroom_courses (id, run_id, course_key, name, url, page_title, authenticated) VALUES ('classroom-course-bc8fd6738cd21559', 'classroom-run-ab48e8c34bd9c0ed', 'science', 'Science SNC1W', 'https://classroom.google.com/w/ODI0MzQ2MzAwMjMw/t/all', 'Classwork for C - SNC1W-10', 1);
INSERT INTO classroom_topics (id, course_id, topic_name, topic_order) VALUES ('classroom-topic-462a2457fa1fc64e', 'classroom-course-bc8fd6738cd21559', 'Calendar', 0);
INSERT INTO classroom_topics (id, course_id, topic_name, topic_order) VALUES ('classroom-topic-6fd4edfa570f01cc', 'classroom-course-bc8fd6738cd21559', 'Chemistry', 1);
INSERT INTO classroom_topics (id, course_id, topic_name, topic_order) VALUES ('classroom-topic-1637fd8edebc3161', 'classroom-course-bc8fd6738cd21559', 'Inquiry', 2);
INSERT INTO classroom_topics (id, course_id, topic_name, topic_order) VALUES ('classroom-topic-f1347ad179e2f818', 'classroom-course-bc8fd6738cd21559', 'Resources', 3);
INSERT INTO classroom_items (id, course_id, topic_name, title, meta, item_order, is_recent, created_at) VALUES ('classroom-item-87982e29ed564216', 'classroom-course-bc8fd6738cd21559', 'Calendar', 'Class Calendar', 'Material | Posted Jan 30', 0, 1, '2026-03-29T15:04:28.953Z');
INSERT INTO classroom_items (id, course_id, topic_name, title, meta, item_order, is_recent, created_at) VALUES ('classroom-item-673978829feafb00', 'classroom-course-bc8fd6738cd21559', 'Chemistry', 'Mar 27 - Atomic Theory', 'Material | Posted Mar 27', 0, 1, '2026-03-29T15:04:28.953Z');
INSERT INTO classroom_items (id, course_id, topic_name, title, meta, item_order, is_recent, created_at) VALUES ('classroom-item-21a3c7ce7135acb1', 'classroom-course-bc8fd6738cd21559', 'Chemistry', 'Mar 25 - Coding for Science', 'Material | Posted Mar 25', 1, 1, '2026-03-29T15:04:28.953Z');
INSERT INTO classroom_items (id, course_id, topic_name, title, meta, item_order, is_recent, created_at) VALUES ('classroom-item-254a766c831ed417', 'classroom-course-bc8fd6738cd21559', 'Chemistry', 'The Periodic Table', 'Material | Posted Mar 24', 2, 1, '2026-03-29T15:04:28.953Z');
INSERT INTO classroom_items (id, course_id, topic_name, title, meta, item_order, is_recent, created_at) VALUES ('classroom-item-4a6a6b5093bdd95e', 'classroom-course-bc8fd6738cd21559', 'Chemistry', 'Mar 24 - The Periodic Table', 'Material | Posted Mar 24', 3, 1, '2026-03-29T15:04:28.953Z');
INSERT INTO classroom_items (id, course_id, topic_name, title, meta, item_order, is_recent, created_at) VALUES ('classroom-item-55dab30f1d792fc4', 'classroom-course-bc8fd6738cd21559', 'Chemistry', 'Mar 23 - Periodic Table Patterns', 'Material | Posted Mar 23', 4, 1, '2026-03-29T15:04:28.953Z');
INSERT INTO classroom_items (id, course_id, topic_name, title, meta, item_order, is_recent, created_at) VALUES ('classroom-item-41ceb266dedf230b', 'classroom-course-bc8fd6738cd21559', 'Chemistry', 'Mar 10 - Physical and Chemical Change', 'Material | Posted Mar 10', 5, 1, '2026-03-29T15:04:28.954Z');
INSERT INTO classroom_items (id, course_id, topic_name, title, meta, item_order, is_recent, created_at) VALUES ('classroom-item-5a9a18878ec682de', 'classroom-course-bc8fd6738cd21559', 'Chemistry', 'Mar 6 - Particle Theory of Matter', 'Material | Edited Mar 6', 6, 1, '2026-03-29T15:04:28.954Z');
INSERT INTO classroom_items (id, course_id, topic_name, title, meta, item_order, is_recent, created_at) VALUES ('classroom-item-0d0a6f479d0f9952', 'classroom-course-bc8fd6738cd21559', 'Chemistry', 'March 5 - Classification of Matter', 'Material | Posted Mar 5', 7, 1, '2026-03-29T15:04:28.954Z');
INSERT INTO classroom_items (id, course_id, topic_name, title, meta, item_order, is_recent, created_at) VALUES ('classroom-item-75f7a7d32bc4a894', 'classroom-course-bc8fd6738cd21559', 'Chemistry', 'Feb 27 - Activity: Properties of Matter', 'Material | Posted Feb 27', 8, 1, '2026-03-29T15:04:28.954Z');
INSERT INTO classroom_items (id, course_id, topic_name, title, meta, item_order, is_recent, created_at) VALUES ('classroom-item-69eb56ed046c6deb', 'classroom-course-bc8fd6738cd21559', 'Chemistry', 'Feb 26 - What is Chemistry?', 'Material | Posted Feb 26', 9, 1, '2026-03-29T15:04:28.954Z');
INSERT INTO classroom_items (id, course_id, topic_name, title, meta, item_order, is_recent, created_at) VALUES ('classroom-item-5a516549b7a979bb', 'classroom-course-bc8fd6738cd21559', 'Inquiry', 'March 3 - Citing your Sources', 'Material | Posted Mar 5', 0, 1, '2026-03-29T15:04:28.954Z');
INSERT INTO classroom_items (id, course_id, topic_name, title, meta, item_order, is_recent, created_at) VALUES ('classroom-item-f8a9df3eb873ecf7', 'classroom-course-bc8fd6738cd21559', 'Inquiry', 'Assignment: Day 2, Science in Popular and Social Media', 'Material | Posted Mar 4', 1, 0, '2026-03-29T15:04:28.954Z');
INSERT INTO classroom_items (id, course_id, topic_name, title, meta, item_order, is_recent, created_at) VALUES ('classroom-item-e722bc0ca7d077ba', 'classroom-course-bc8fd6738cd21559', 'Inquiry', 'Assignment: Day 1, Science in Popular and Social Media', 'Material | Edited Mar 2', 2, 0, '2026-03-29T15:04:28.954Z');
INSERT INTO classroom_items (id, course_id, topic_name, title, meta, item_order, is_recent, created_at) VALUES ('classroom-item-0ec99ed08e09e585', 'classroom-course-bc8fd6738cd21559', 'Inquiry', 'Rotocopter Lab Rubric', 'Material | Posted Feb 19', 3, 0, '2026-03-29T15:04:28.954Z');
INSERT INTO classroom_items (id, course_id, topic_name, title, meta, item_order, is_recent, created_at) VALUES ('classroom-item-2cc60625910579c8', 'classroom-course-bc8fd6738cd21559', 'Inquiry', 'Inquiry Unit Review Topics', 'Material | Posted Feb 17', 4, 0, '2026-03-29T15:04:28.954Z');
INSERT INTO classroom_items (id, course_id, topic_name, title, meta, item_order, is_recent, created_at) VALUES ('classroom-item-641c35d86f1a46b9', 'classroom-course-bc8fd6738cd21559', 'Inquiry', 'Feb 17 - Accuracy & Precision', 'Material | Posted Feb 17', 5, 0, '2026-03-29T15:04:28.954Z');
INSERT INTO classroom_items (id, course_id, topic_name, title, meta, item_order, is_recent, created_at) VALUES ('classroom-item-edbffe7b603108f5', 'classroom-course-bc8fd6738cd21559', 'Inquiry', 'Feb 11 - Graphing Checklist', 'Material | Edited Mar 8', 6, 0, '2026-03-29T15:04:28.954Z');
INSERT INTO classroom_items (id, course_id, topic_name, title, meta, item_order, is_recent, created_at) VALUES ('classroom-item-e9d11b028e9b7451', 'classroom-course-bc8fd6738cd21559', 'Inquiry', 'Feb 11 - Results & Conclusions', 'Material | Posted Feb 11', 7, 0, '2026-03-29T15:04:28.954Z');
INSERT INTO classroom_items (id, course_id, topic_name, title, meta, item_order, is_recent, created_at) VALUES ('classroom-item-de1c5feb40538423', 'classroom-course-bc8fd6738cd21559', 'Inquiry', 'Feb 9 - The Metric System', 'Material | Posted Feb 9', 8, 0, '2026-03-29T15:04:28.954Z');
INSERT INTO classroom_items (id, course_id, topic_name, title, meta, item_order, is_recent, created_at) VALUES ('classroom-item-4f706da9137d705c', 'classroom-course-bc8fd6738cd21559', 'Inquiry', 'Feb 6 - Performing and Recording Observations', 'Material | Posted Feb 6', 9, 0, '2026-03-29T15:04:28.954Z');
INSERT INTO classroom_items (id, course_id, topic_name, title, meta, item_order, is_recent, created_at) VALUES ('classroom-item-c97ee6990047fda2', 'classroom-course-bc8fd6738cd21559', 'Resources', 'Reading an Evidence Record', 'Material | Posted Mar 9', 0, 0, '2026-03-29T15:04:28.954Z');
INSERT INTO classroom_items (id, course_id, topic_name, title, meta, item_order, is_recent, created_at) VALUES ('classroom-item-5413939c088e4edf', 'classroom-course-bc8fd6738cd21559', 'Resources', 'Strategies for Success', 'Material | Posted Mar 9', 1, 0, '2026-03-29T15:04:28.954Z');
INSERT INTO classroom_items (id, course_id, topic_name, title, meta, item_order, is_recent, created_at) VALUES ('classroom-item-7f9b7b88efb65616', 'classroom-course-bc8fd6738cd21559', 'Resources', 'Grade 9 Science Course Selection', 'Material | Posted Feb 9', 2, 0, '2026-03-29T15:04:28.954Z');
INSERT INTO classroom_items (id, course_id, topic_name, title, meta, item_order, is_recent, created_at) VALUES ('classroom-item-3fdf79e3ea9ce937', 'classroom-course-bc8fd6738cd21559', 'Resources', 'Feb 2 - Nice to Meet you', 'Completed Assignment | Due Feb 4', 3, 0, '2026-03-29T15:04:28.954Z');
INSERT INTO classroom_items (id, course_id, topic_name, title, meta, item_order, is_recent, created_at) VALUES ('classroom-item-e63556212c135ec5', 'classroom-course-bc8fd6738cd21559', 'Resources', 'Feb 2 - Welcome to Science!', 'Material | Posted Feb 2', 4, 0, '2026-03-29T15:04:28.954Z');
INSERT INTO classroom_items (id, course_id, topic_name, title, meta, item_order, is_recent, created_at) VALUES ('classroom-item-2c0b0bec8a13d251', 'classroom-course-bc8fd6738cd21559', 'Resources', 'Earl of March Daily Announcements', 'Material | Posted Feb 2', 5, 0, '2026-03-29T15:04:28.954Z');
INSERT INTO classroom_items (id, course_id, topic_name, title, meta, item_order, is_recent, created_at) VALUES ('classroom-item-f11a15c0415c2de6', 'classroom-course-bc8fd6738cd21559', 'Resources', 'OSTA Website', 'Material | Posted Feb 2', 6, 0, '2026-03-29T15:04:28.954Z');
INSERT INTO classroom_items (id, course_id, topic_name, title, meta, item_order, is_recent, created_at) VALUES ('classroom-item-d70be5a02597ca87', 'classroom-course-bc8fd6738cd21559', 'Resources', 'Connecting to the WiFi in the OCDSB', 'Material | Posted Feb 2', 7, 0, '2026-03-29T15:04:28.954Z');
INSERT INTO classroom_items (id, course_id, topic_name, title, meta, item_order, is_recent, created_at) VALUES ('classroom-item-43a2831b902b6ffd', 'classroom-course-bc8fd6738cd21559', 'Resources', 'Google Classroom for Parents and Students', 'Material | Posted Feb 2', 8, 0, '2026-03-29T15:04:28.954Z');
