-- Generated by studypilot/scripts/export_studypilot_json_to_d1.mjs
-- Import this file after running the D1 schema migrations.
PRAGMA foreign_keys = ON;

-- Ensure core subject rows exist before importing dependent records.
INSERT OR IGNORE INTO subjects (id, slug, name) VALUES ('subject-science', 'science', 'Science');
INSERT OR IGNORE INTO subjects (id, slug, name) VALUES ('subject-math', 'math', 'Math');
INSERT OR IGNORE INTO subjects (id, slug, name) VALUES ('subject-english', 'english', 'English');
DELETE FROM classroom_items;
DELETE FROM classroom_topics;
DELETE FROM classroom_courses;
DELETE FROM classroom_sync_runs;
DELETE FROM mistakes;
DELETE FROM study_tasks;
DELETE FROM science_schedule_key_dates;
DELETE FROM science_schedule_units;
DELETE FROM science_schedule;
DELETE FROM upcoming_support_sections;
DELETE FROM upcoming_support_items;
DELETE FROM subject_topic_sections;
DELETE FROM subject_topic_cards;
DELETE FROM uploads;
INSERT INTO uploads (id, source_mode, category, original_name, storage_path, mime_type, size_bytes, uploaded_at, notes) VALUES ('upload-7fbebfa5b2777b9c', 'local', 'docs', '10-0-Atomic-Theory-2026-03-29T15-10-38-800Z.pdf', 'uploads/docs/10-0-Atomic-Theory-2026-03-29T15-10-38-800Z.pdf', 'application/pdf', 630130, '2026-03-29T11:10:38.803635-04:00', 'PDF with 16 page(s). Preview: Atomic Theory MODELS OF THE ATOM');
INSERT INTO uploads (id, source_mode, category, original_name, storage_path, mime_type, size_bytes, uploaded_at, notes) VALUES ('upload-ddb9dd7d6b929db3', 'local', 'docs', '10-2-Atomic-Model-Summary-2026-03-29T14-07-23-845Z.pdf', 'uploads/docs/10-2-Atomic-Model-Summary-2026-03-29T14-07-23-845Z.pdf', 'application/pdf', 46952, '2026-03-29T10:07:23.846414-04:00', 'PDF with 2 page(s). Preview: Name: ______________________________ Date: ______________________ Page # ______ A TOMIC M ODEL S UMMARY M ODEL K EY P OINTS L IMITATIONS E VIDENCE F OR C HANGE Billiard Ball Plum Pudding Revised Nuclear Model Planetary M');
INSERT INTO uploads (id, source_mode, category, original_name, storage_path, mime_type, size_bytes, uploaded_at, notes) VALUES ('upload-d9776855c262fe61', 'local', 'docs', '10.0 Atomic Theory.pdf', 'uploads/docs/10.0 Atomic Theory.pdf', 'application/pdf', 630130, '2026-03-28T20:52:33.934505-04:00', 'PDF with 16 page(s). Preview: Atomic Theory MODELS OF THE ATOM');
INSERT INTO uploads (id, source_mode, category, original_name, storage_path, mime_type, size_bytes, uploaded_at, notes) VALUES ('upload-a5f5b7a99c4ae2da', 'local', 'docs', '10.2 Atomic Model Summary.pdf', 'uploads/docs/10.2 Atomic Model Summary.pdf', 'application/pdf', 46952, '2026-03-28T20:52:33.935509-04:00', 'PDF with 2 page(s). Preview: Name: ______________________________ Date: ______________________ Page # ______ A TOMIC M ODEL S UMMARY M ODEL K EY P OINTS L IMITATIONS E VIDENCE F OR C HANGE Billiard Ball Plum Pudding Revised Nuclear Model Planetary M');
INSERT INTO uploads (id, source_mode, category, original_name, storage_path, mime_type, size_bytes, uploaded_at, notes) VALUES ('upload-862a59f5f7a9d925', 'local', 'docs', '7.0 The Periodic Table (with youtube link).pdf', 'uploads/docs/7.0 The Periodic Table (with youtube link).pdf', 'application/pdf', 2001660, '2026-03-28T20:52:33.948507-04:00', 'PDF with 17 page(s). Preview: The Periodic Table');
INSERT INTO uploads (id, source_mode, category, original_name, storage_path, mime_type, size_bytes, uploaded_at, notes) VALUES ('upload-5866117fe495fefd', 'local', 'docs', 'Lesson 5.docx', 'uploads/docs/Lesson 5.docx', 'application/vnd.openxmlformats-officedocument.wordprocessingml.document', 7843679, '2026-03-28T20:52:33.973513-04:00', 'DOCX document. Preview: Introduction to Literary Devices: Cause and Effect So far we have looked at how to write summaries , theme paragraphs , and we have analyzed characters . Each of these skills sets is a part of literary analysis (the stud');
INSERT INTO uploads (id, source_mode, category, original_name, storage_path, mime_type, size_bytes, uploaded_at, notes) VALUES ('upload-12a867f22de8d035', 'local', 'docs', 'Ray Bradbury - There Will Come Soft Rains.pdf', 'uploads/docs/Ray Bradbury - There Will Come Soft Rains.pdf', 'application/pdf', 1214681, '2026-03-28T20:52:33.981517-04:00', 'PDF with 12 page(s). Preview: 1 AS2.1 WRITTEN TEXT STUDY SAMPLE AS2.1 EXTERNAL EXAM ESSAY QUESTIONS 1. Analyse how the setting of a text (or texts) you have studied influenced your understanding of the ideas in the text (or texts). (Note: Setting may');
INSERT INTO uploads (id, source_mode, category, original_name, storage_path, mime_type, size_bytes, uploaded_at, notes) VALUES ('upload-1f91a4560ff28d8f', 'local', 'docs', 'SNC1W-Gas-Test-Lab-2024-25.pdf', 'uploads/docs/SNC1W-Gas-Test-Lab-2024-25.pdf', 'application/pdf', 45919, '2026-03-28T20:52:33.982516-04:00', 'PDF with 2 page(s). Preview: SNC1W Name: Gas Tests Lab Criteria R Insufficient Inadequate Level 1 Limited simplistic Level 2 Some approaching basic obvious Level 3 Considerable appropriate reasonable solid Level 4 Thorough insightful high degree sop');
INSERT INTO uploads (id, source_mode, category, original_name, storage_path, mime_type, size_bytes, uploaded_at, notes) VALUES ('upload-a75d410af698c200', 'local', 'timetable', 'SNC1W Sem 2 Calendar 2025-2026 - SEM 2 SPRING 2025.pdf', 'uploads/timetable/SNC1W Sem 2 Calendar 2025-2026 - SEM 2 SPRING 2025.pdf', 'application/pdf', 57571, '2026-03-28T20:52:33.984671-04:00', 'PDF with 12 page(s). Preview: SNC1W Course Calendar : Semester 2 (2025-26) Mon Tues Wed Thurs Fri FEBRUARY 2 INQUIRY 3 4 5 6 Welcome to SNC1W ! Is it Science? Controlled Experiments: Questioning and HypothesisMaterials and ProcedureFinish Materials a');
INSERT INTO science_schedule (id, title, overview, current_exam_subject, current_exam_range_start, current_exam_note, updated_at) VALUES ('science-schedule-main', 'SNC1W Semester 2 (2025-2026)', 'Based on the course calendar, Semester 2 runs from February 2, 2026 to the June 2026 exam period and moves through Inquiry, Chemistry, Space, Electricity, and Biology/Ecology.', 'Chemistry', '2026-03-23', 'Content posted on or after March 23, 2026 is part of the next Chemistry test range.', '2026-04-03T22:28:11.611Z');
INSERT INTO science_schedule_units (id, schedule_id, unit_order, name, window_label, focus, notes) VALUES ('science-unit-58e60799294e00a3', 'science-schedule-main', 0, 'Inquiry', 'February 2 to February 24, 2026', 'Skills', 'Scientific questioning, controlled experiments, metric system, graphing, lab reports, and measurement investigations.');
INSERT INTO science_schedule_units (id, schedule_id, unit_order, name, window_label, focus, notes) VALUES ('science-unit-2942510f4fe7a516', 'science-schedule-main', 1, 'Chemistry', 'February 25 to April 13, 2026', 'Matter', 'Classification of matter, particle theory, physical and chemical change, periodic table, metals and non-metals, gas tests, atomic structure, bonding, and chemical formulas.');
INSERT INTO science_schedule_units (id, schedule_id, unit_order, name, window_label, focus, notes) VALUES ('science-unit-a42779e354e68982', 'science-schedule-main', 2, 'Space', 'April 14 to May 4, 2026', 'Astronomy', 'Earth-Moon-Sun interactions, eclipses, northern lights, spectroscopy, star life cycles, big bang theory, and space exploration.');
INSERT INTO science_schedule_units (id, schedule_id, unit_order, name, window_label, focus, notes) VALUES ('science-unit-6d42ad266dc27a45', 'science-schedule-main', 3, 'Electricity', 'May 4 to May 28, 2026', 'Circuits', 'Static electricity, charging, circuit diagrams, series and parallel circuits, current, voltage, resistance, and Ohm''s law.');
INSERT INTO science_schedule_units (id, schedule_id, unit_order, name, window_label, focus, notes) VALUES ('science-unit-390dbd2feb3d4bf9', 'science-schedule-main', 4, 'Biology / Ecology', 'May 29 to June 12, 2026', 'Ecosystems', 'Energy flow, cycling of matter, biodiversity, climate and food security, and human effects on ecosystems.');
INSERT INTO science_schedule_key_dates (id, schedule_id, date_order, date_label, label, note) VALUES ('science-key-date-a65b1989375cadbe', 'science-schedule-main', 0, 'February 24, 2026', 'Inquiry unit test and rotocopter lab report due', 'Inquiry assessment checkpoint before Chemistry begins.');
INSERT INTO science_schedule_key_dates (id, schedule_id, date_order, date_label, label, note) VALUES ('science-key-date-132c122784862ca0', 'science-schedule-main', 1, 'March 13, 2026', 'Chemistry quiz', 'Includes learning up to and including physical and chemical change.');
INSERT INTO science_schedule_key_dates (id, schedule_id, date_order, date_label, label, note) VALUES ('science-key-date-990918bee407c04b', 'science-schedule-main', 2, 'March 26, 2026', 'Metals and non-metals lab analysis due in class', 'Comes right before gas test prep and atomic theory work.');
INSERT INTO science_schedule_key_dates (id, schedule_id, date_order, date_label, label, note) VALUES ('science-key-date-c7793f3bbd6e6261', 'science-schedule-main', 3, 'April 7, 2026', 'Atomic structure practice quiz and Chemistry article evaluation', 'Students will write the practice quiz and complete the Chemistry article evaluation on the same day.');
INSERT INTO science_schedule_key_dates (id, schedule_id, date_order, date_label, label, note) VALUES ('science-key-date-28cf22a371534b68', 'science-schedule-main', 4, 'April 13, 2026', 'Chemistry unit test', 'Older course calendar note listed April 13, but the latest family update says the Chemistry unit test will be written on Wednesday April 15, 2026.');
INSERT INTO science_schedule_key_dates (id, schedule_id, date_order, date_label, label, note) VALUES ('science-key-date-e9424c716b111f3a', 'science-schedule-main', 5, 'April 15, 2026', 'Chemistry unit test', 'Teacher update: the Chemistry unit test is on Wednesday April 15, 2026. A review package should arrive one week before the test.');
INSERT INTO science_schedule_key_dates (id, schedule_id, date_order, date_label, label, note) VALUES ('science-key-date-9ee68cf4041fb0ba', 'science-schedule-main', 6, 'May 4, 2026', 'Space unit test', 'Wraps the Space unit and begins the Electricity unit the same day.');
INSERT INTO science_schedule_key_dates (id, schedule_id, date_order, date_label, label, note) VALUES ('science-key-date-5bad9eb521dab5a4', 'science-schedule-main', 7, 'May 14, 2026', 'Electricity quiz: static electricity', 'Mid-unit checkpoint during current electricity and circuits.');
INSERT INTO science_schedule_key_dates (id, schedule_id, date_order, date_label, label, note) VALUES ('science-key-date-35bbe05a7d4b4d8b', 'science-schedule-main', 8, 'May 28, 2026', 'Electricity unit test', 'Final electricity assessment before Biology / Ecology starts.');
INSERT INTO science_schedule_key_dates (id, schedule_id, date_order, date_label, label, note) VALUES ('science-key-date-76b4f4989bb44850', 'science-schedule-main', 9, 'June 12, 2026', 'Ecology unit test', 'Final unit test before review days and exam week.');
INSERT INTO science_schedule_key_dates (id, schedule_id, date_order, date_label, label, note) VALUES ('science-key-date-6c6b474b2b423ee5', 'science-schedule-main', 10, 'June 18 to June 24, 2026', 'Exam period', 'Block exam days begin June 18, 2026 and continue through June 24, 2026.');
INSERT INTO upcoming_support_items (id, subject_slug, when_label, topic, support_type, summary, source_kind, source_upload_id, created_at, updated_at) VALUES ('upcoming-support-3a4987e5bc7bfbb1', 'science', 'Tuesday, April 7, 2026', 'Practice quiz', 'Assessment', 'This atomic structure practice quiz uses the periodic table. Kevin needs to find protons, electrons, and neutrons, know element symbols, and explain the difference between atomic mass and mass number.', 'manual', NULL, '2026-04-03T22:28:11.612Z', '2026-04-03T22:28:11.612Z');
INSERT INTO upcoming_support_sections (id, support_id, section_key, section_title, item_order, item_type, text_value, label, url) VALUES ('upcoming_support_sections-item-45669d4ce886a08c', 'upcoming-support-3a4987e5bc7bfbb1', 'beforeClass', 'Before class', 0, 'text', 'Use the periodic table to find the atomic number and element symbol quickly.', NULL, NULL);
INSERT INTO upcoming_support_sections (id, support_id, section_key, section_title, item_order, item_type, text_value, label, url) VALUES ('upcoming_support_sections-item-75ab61bb3ec5dcda', 'upcoming-support-3a4987e5bc7bfbb1', 'beforeClass', 'Before class', 1, 'text', 'Remember that in a neutral atom, protons = electrons.', NULL, NULL);
INSERT INTO upcoming_support_sections (id, support_id, section_key, section_title, item_order, item_type, text_value, label, url) VALUES ('upcoming_support_sections-item-3dc4509bef88b233', 'upcoming-support-3a4987e5bc7bfbb1', 'beforeClass', 'Before class', 2, 'text', 'Remember that neutrons = mass number - protons.', NULL, NULL);
INSERT INTO upcoming_support_sections (id, support_id, section_key, section_title, item_order, item_type, text_value, label, url) VALUES ('upcoming_support_sections-item-b3737e1ead46bbfd', 'upcoming-support-3a4987e5bc7bfbb1', 'beforeClass', 'Before class', 3, 'text', 'Know that mass number is for one atom or isotope, but atomic mass is the weighted average shown on the periodic table.', NULL, NULL);
INSERT INTO upcoming_support_sections (id, support_id, section_key, section_title, item_order, item_type, text_value, label, url) VALUES ('upcoming_support_sections-item-300a697e04c28df3', 'upcoming-support-3a4987e5bc7bfbb1', 'beforeClass', 'Before class', 4, 'text', 'Be ready to draw or check Bohr-Rutherford diagrams for elements 1 to 20.', NULL, NULL);
INSERT INTO upcoming_support_sections (id, support_id, section_key, section_title, item_order, item_type, text_value, label, url) VALUES ('upcoming_support_sections-item-2940e06025232741', 'upcoming-support-3a4987e5bc7bfbb1', 'keywords', 'Keywords', 0, 'text', 'atomic number', NULL, NULL);
INSERT INTO upcoming_support_sections (id, support_id, section_key, section_title, item_order, item_type, text_value, label, url) VALUES ('upcoming_support_sections-item-f3ee3a9c53c0682a', 'upcoming-support-3a4987e5bc7bfbb1', 'keywords', 'Keywords', 1, 'text', 'element symbol', NULL, NULL);
INSERT INTO upcoming_support_sections (id, support_id, section_key, section_title, item_order, item_type, text_value, label, url) VALUES ('upcoming_support_sections-item-c62d6fd9f2f1892a', 'upcoming-support-3a4987e5bc7bfbb1', 'keywords', 'Keywords', 2, 'text', 'mass number', NULL, NULL);
INSERT INTO upcoming_support_sections (id, support_id, section_key, section_title, item_order, item_type, text_value, label, url) VALUES ('upcoming_support_sections-item-e1bf21be6b0de352', 'upcoming-support-3a4987e5bc7bfbb1', 'keywords', 'Keywords', 3, 'text', 'atomic mass', NULL, NULL);
INSERT INTO upcoming_support_sections (id, support_id, section_key, section_title, item_order, item_type, text_value, label, url) VALUES ('upcoming_support_sections-item-8c0b3925b3db8a39', 'upcoming-support-3a4987e5bc7bfbb1', 'keywords', 'Keywords', 4, 'text', 'protons', NULL, NULL);
INSERT INTO upcoming_support_sections (id, support_id, section_key, section_title, item_order, item_type, text_value, label, url) VALUES ('upcoming_support_sections-item-3603d84d8fec9153', 'upcoming-support-3a4987e5bc7bfbb1', 'keywords', 'Keywords', 5, 'text', 'neutrons', NULL, NULL);
INSERT INTO upcoming_support_sections (id, support_id, section_key, section_title, item_order, item_type, text_value, label, url) VALUES ('upcoming_support_sections-item-3b4ad0df62943a95', 'upcoming-support-3a4987e5bc7bfbb1', 'keywords', 'Keywords', 6, 'text', 'electrons', NULL, NULL);
INSERT INTO upcoming_support_sections (id, support_id, section_key, section_title, item_order, item_type, text_value, label, url) VALUES ('upcoming_support_sections-item-d29ff1af4c051882', 'upcoming-support-3a4987e5bc7bfbb1', 'keywords', 'Keywords', 7, 'text', 'neutral atom', NULL, NULL);
INSERT INTO upcoming_support_sections (id, support_id, section_key, section_title, item_order, item_type, text_value, label, url) VALUES ('upcoming_support_sections-item-47fff34d0c42fd4c', 'upcoming-support-3a4987e5bc7bfbb1', 'keywords', 'Keywords', 8, 'text', 'Bohr-Rutherford', NULL, NULL);
INSERT INTO upcoming_support_sections (id, support_id, section_key, section_title, item_order, item_type, text_value, label, url) VALUES ('upcoming_support_sections-item-a6767cfbcc64947c', 'upcoming-support-3a4987e5bc7bfbb1', 'quickQuestions', 'Quick questions', 0, 'text', 'If the atomic number is 17, how many protons does the atom have?', NULL, NULL);
INSERT INTO upcoming_support_sections (id, support_id, section_key, section_title, item_order, item_type, text_value, label, url) VALUES ('upcoming_support_sections-item-5a2a8a53cb98552f', 'upcoming-support-3a4987e5bc7bfbb1', 'quickQuestions', 'Quick questions', 1, 'text', 'If a neutral atom has 12 protons, how many electrons does it have?', NULL, NULL);
INSERT INTO upcoming_support_sections (id, support_id, section_key, section_title, item_order, item_type, text_value, label, url) VALUES ('upcoming_support_sections-item-f30a6cdebed6b8a3', 'upcoming-support-3a4987e5bc7bfbb1', 'quickQuestions', 'Quick questions', 2, 'text', 'How do you calculate neutrons from the mass number?', NULL, NULL);
INSERT INTO upcoming_support_sections (id, support_id, section_key, section_title, item_order, item_type, text_value, label, url) VALUES ('upcoming_support_sections-item-91ab4a91abd82ab0', 'upcoming-support-3a4987e5bc7bfbb1', 'quickQuestions', 'Quick questions', 3, 'text', 'What is the difference between atomic mass and mass number?', NULL, NULL);
INSERT INTO upcoming_support_sections (id, support_id, section_key, section_title, item_order, item_type, text_value, label, url) VALUES ('upcoming_support_sections-item-8fc761f6df337cbe', 'upcoming-support-3a4987e5bc7bfbb1', 'quickQuestions', 'Quick questions', 4, 'text', 'Why is atomic mass often a decimal?', NULL, NULL);
INSERT INTO upcoming_support_sections (id, support_id, section_key, section_title, item_order, item_type, text_value, label, url) VALUES ('upcoming_support_sections-item-11e991cfb2295e37', 'upcoming-support-3a4987e5bc7bfbb1', 'resources', 'Useful learning resources', 0, 'resource', NULL, '11.0 Atomic Structure slide', '/uploads/slide-quizzes%2Fatomic-structure-11-0.pdf');
INSERT INTO upcoming_support_sections (id, support_id, section_key, section_title, item_order, item_type, text_value, label, url) VALUES ('upcoming_support_sections-item-78b60fcee7fac368', 'upcoming-support-3a4987e5bc7bfbb1', 'resources', 'Useful learning resources', 1, 'resource', NULL, '11.2 Atomic Structure Practice', '/uploads/slide-quizzes%2Fatomic-structure-practice-11-2.pdf');
INSERT INTO upcoming_support_sections (id, support_id, section_key, section_title, item_order, item_type, text_value, label, url) VALUES ('upcoming_support_sections-item-5e300d7c33c9ca3d', 'upcoming-support-3a4987e5bc7bfbb1', 'resources', 'Useful learning resources', 2, 'resource', NULL, 'Kevin Apps: Atom Explorer', 'https://www.kevin-apps.com/atom');
INSERT INTO upcoming_support_sections (id, support_id, section_key, section_title, item_order, item_type, text_value, label, url) VALUES ('upcoming_support_sections-item-efd63e4ad0151824', 'upcoming-support-3a4987e5bc7bfbb1', 'resources', 'Useful learning resources', 3, 'resource', NULL, 'Open slide quizzes', 'quizzes.html');
INSERT INTO upcoming_support_sections (id, support_id, section_key, section_title, item_order, item_type, text_value, label, url) VALUES ('upcoming_support_sections-item-a777ca87ecf3e6fa', 'upcoming-support-3a4987e5bc7bfbb1', 'teacherQuestions', 'Teacher questions', 0, 'text', 'Find the number of protons, electrons, and neutrons in an atom.', NULL, NULL);
INSERT INTO upcoming_support_sections (id, support_id, section_key, section_title, item_order, item_type, text_value, label, url) VALUES ('upcoming_support_sections-item-c55be474a67c169e', 'upcoming-support-3a4987e5bc7bfbb1', 'teacherQuestions', 'Teacher questions', 1, 'text', 'State the correct element symbol.', NULL, NULL);
INSERT INTO upcoming_support_sections (id, support_id, section_key, section_title, item_order, item_type, text_value, label, url) VALUES ('upcoming_support_sections-item-36faa0fb9c2e129c', 'upcoming-support-3a4987e5bc7bfbb1', 'teacherQuestions', 'Teacher questions', 2, 'text', 'Explain the difference between atomic mass and mass number.', NULL, NULL);
INSERT INTO upcoming_support_sections (id, support_id, section_key, section_title, item_order, item_type, text_value, label, url) VALUES ('upcoming_support_sections-item-2e1fec91d3c8af70', 'upcoming-support-3a4987e5bc7bfbb1', 'teacherQuestions', 'Teacher questions', 3, 'text', 'Use the periodic table to find both atomic mass and mass number information.', NULL, NULL);
INSERT INTO upcoming_support_sections (id, support_id, section_key, section_title, item_order, item_type, text_value, label, url) VALUES ('upcoming_support_sections-item-ed8ffc915e4eecb6', 'upcoming-support-3a4987e5bc7bfbb1', 'flexibleThinkingExamples', 'Flexible thinking', 0, 'text', 'Atomic number tells you protons, not neutrons.', NULL, NULL);
INSERT INTO upcoming_support_sections (id, support_id, section_key, section_title, item_order, item_type, text_value, label, url) VALUES ('upcoming_support_sections-item-eace11943ef655aa', 'upcoming-support-3a4987e5bc7bfbb1', 'flexibleThinkingExamples', 'Flexible thinking', 1, 'text', 'Mass number is a whole number for one atom; atomic mass is the average decimal on the periodic table.', NULL, NULL);
INSERT INTO upcoming_support_sections (id, support_id, section_key, section_title, item_order, item_type, text_value, label, url) VALUES ('upcoming_support_sections-item-ae3eb2fe9c5e21c2', 'upcoming-support-3a4987e5bc7bfbb1', 'flexibleThinkingExamples', 'Flexible thinking', 2, 'text', 'If the atom is neutral, electrons must match protons.', NULL, NULL);
INSERT INTO upcoming_support_sections (id, support_id, section_key, section_title, item_order, item_type, text_value, label, url) VALUES ('upcoming_support_sections-item-f0806fe611f55530', 'upcoming-support-3a4987e5bc7bfbb1', 'flexibleThinkingExamples', 'Flexible thinking', 3, 'text', 'When the teacher gives an isotope like calcium-40, the 40 is the mass number.', NULL, NULL);
INSERT INTO upcoming_support_items (id, subject_slug, when_label, topic, support_type, summary, source_kind, source_upload_id, created_at, updated_at) VALUES ('upcoming-support-f7c14d00fd6d33fa', 'science', 'Tuesday, April 7, 2026', 'Chemistry Article Evaluation', 'Assessment', 'Kevin will read a chemistry article and answer questions using the periodic table. He needs periodic table patterns, APA-style source citation, and the main chemistry ideas from this unit so far.', 'manual', NULL, '2026-04-03T22:28:11.613Z', '2026-04-03T22:28:11.613Z');
INSERT INTO upcoming_support_sections (id, support_id, section_key, section_title, item_order, item_type, text_value, label, url) VALUES ('upcoming_support_sections-item-8cc9884818fb5047', 'upcoming-support-f7c14d00fd6d33fa', 'beforeClass', 'Before class', 0, 'text', 'Review periodic table patterns such as metals vs non-metals, groups, periods, and common trends.', NULL, NULL);
INSERT INTO upcoming_support_sections (id, support_id, section_key, section_title, item_order, item_type, text_value, label, url) VALUES ('upcoming_support_sections-item-6fecdff9726a1f91', 'upcoming-support-f7c14d00fd6d33fa', 'beforeClass', 'Before class', 1, 'text', 'Review how to cite sources in APA style format.', NULL, NULL);
INSERT INTO upcoming_support_sections (id, support_id, section_key, section_title, item_order, item_type, text_value, label, url) VALUES ('upcoming_support_sections-item-64aa050da8e8e1c7', 'upcoming-support-f7c14d00fd6d33fa', 'beforeClass', 'Before class', 2, 'text', 'Be ready to use chemistry ideas from this unit so far when explaining an article answer.', NULL, NULL);
INSERT INTO upcoming_support_sections (id, support_id, section_key, section_title, item_order, item_type, text_value, label, url) VALUES ('upcoming_support_sections-item-16f61adcf82a25cb', 'upcoming-support-f7c14d00fd6d33fa', 'beforeClass', 'Before class', 3, 'text', 'Expect to use the periodic table while reading and answering the article questions.', NULL, NULL);
INSERT INTO upcoming_support_sections (id, support_id, section_key, section_title, item_order, item_type, text_value, label, url) VALUES ('upcoming_support_sections-item-93e7f0e35f3701fe', 'upcoming-support-f7c14d00fd6d33fa', 'keywords', 'Keywords', 0, 'text', 'Chemistry article', NULL, NULL);
INSERT INTO upcoming_support_sections (id, support_id, section_key, section_title, item_order, item_type, text_value, label, url) VALUES ('upcoming_support_sections-item-55084128ca3dbe5f', 'upcoming-support-f7c14d00fd6d33fa', 'keywords', 'Keywords', 1, 'text', 'periodic table patterns', NULL, NULL);
INSERT INTO upcoming_support_sections (id, support_id, section_key, section_title, item_order, item_type, text_value, label, url) VALUES ('upcoming_support_sections-item-ae4823d03ce554c1', 'upcoming-support-f7c14d00fd6d33fa', 'keywords', 'Keywords', 2, 'text', 'APA citation', NULL, NULL);
INSERT INTO upcoming_support_sections (id, support_id, section_key, section_title, item_order, item_type, text_value, label, url) VALUES ('upcoming_support_sections-item-e410d1f2eca64d9b', 'upcoming-support-f7c14d00fd6d33fa', 'keywords', 'Keywords', 3, 'text', 'source', NULL, NULL);
INSERT INTO upcoming_support_sections (id, support_id, section_key, section_title, item_order, item_type, text_value, label, url) VALUES ('upcoming_support_sections-item-14f1a1892c28f6ca', 'upcoming-support-f7c14d00fd6d33fa', 'keywords', 'Keywords', 4, 'text', 'article evidence', NULL, NULL);
INSERT INTO upcoming_support_sections (id, support_id, section_key, section_title, item_order, item_type, text_value, label, url) VALUES ('upcoming_support_sections-item-5ac610b578f23e2d', 'upcoming-support-f7c14d00fd6d33fa', 'keywords', 'Keywords', 5, 'text', 'chemistry unit review', NULL, NULL);
INSERT INTO upcoming_support_sections (id, support_id, section_key, section_title, item_order, item_type, text_value, label, url) VALUES ('upcoming_support_sections-item-81f941fc959a14d5', 'upcoming-support-f7c14d00fd6d33fa', 'quickQuestions', 'Quick questions', 0, 'text', 'How are groups and periods different on the periodic table?', NULL, NULL);
INSERT INTO upcoming_support_sections (id, support_id, section_key, section_title, item_order, item_type, text_value, label, url) VALUES ('upcoming_support_sections-item-9a6dd68c318b6142', 'upcoming-support-f7c14d00fd6d33fa', 'quickQuestions', 'Quick questions', 1, 'text', 'What chemistry vocabulary from this unit can you use in an article response?', NULL, NULL);
INSERT INTO upcoming_support_sections (id, support_id, section_key, section_title, item_order, item_type, text_value, label, url) VALUES ('upcoming_support_sections-item-f69cdb3b5136bd18', 'upcoming-support-f7c14d00fd6d33fa', 'quickQuestions', 'Quick questions', 2, 'text', 'What details usually belong in a basic APA source citation?', NULL, NULL);
INSERT INTO upcoming_support_sections (id, support_id, section_key, section_title, item_order, item_type, text_value, label, url) VALUES ('upcoming_support_sections-item-9f6ea4700370a6a4', 'upcoming-support-f7c14d00fd6d33fa', 'quickQuestions', 'Quick questions', 3, 'text', 'How can the periodic table help when reading a chemistry article?', NULL, NULL);
INSERT INTO upcoming_support_sections (id, support_id, section_key, section_title, item_order, item_type, text_value, label, url) VALUES ('upcoming_support_sections-item-72bd6de2481a483e', 'upcoming-support-f7c14d00fd6d33fa', 'resources', 'Useful learning resources', 0, 'resource', NULL, '1.0 Citing your Sources Lesson 2025', '../resources/science/citing-your-sources-lesson-2025.pdf');
INSERT INTO upcoming_support_sections (id, support_id, section_key, section_title, item_order, item_type, text_value, label, url) VALUES ('upcoming_support_sections-item-5c4cfddbf4495f29', 'upcoming-support-f7c14d00fd6d33fa', 'resources', 'Useful learning resources', 1, 'resource', NULL, '7.0 The Periodic Table slide', '/uploads/slide-quizzes%2Fthe-periodic-table.pdf');
INSERT INTO upcoming_support_sections (id, support_id, section_key, section_title, item_order, item_type, text_value, label, url) VALUES ('upcoming_support_sections-item-37680f07a2744c2a', 'upcoming-support-f7c14d00fd6d33fa', 'resources', 'Useful learning resources', 2, 'resource', NULL, '7.2 Periodic Table patterns', '../resources/science/periodic-table-patterns-7-2.pdf');
INSERT INTO upcoming_support_sections (id, support_id, section_key, section_title, item_order, item_type, text_value, label, url) VALUES ('upcoming_support_sections-item-01070489ec27456c', 'upcoming-support-f7c14d00fd6d33fa', 'resources', 'Useful learning resources', 3, 'resource', NULL, 'Possible practice article (inference): CK-12 section 6.3', 'https://www.ck12.org/book/ck-12-physical-science-for-middle-school/section/6.3/');
INSERT INTO upcoming_support_sections (id, support_id, section_key, section_title, item_order, item_type, text_value, label, url) VALUES ('upcoming_support_sections-item-a648f95274ef776b', 'upcoming-support-f7c14d00fd6d33fa', 'teacherQuestions', 'Teacher questions', 0, 'text', 'Use the periodic table to support your understanding of the article.', NULL, NULL);
INSERT INTO upcoming_support_sections (id, support_id, section_key, section_title, item_order, item_type, text_value, label, url) VALUES ('upcoming_support_sections-item-17efa02c8391ac0c', 'upcoming-support-f7c14d00fd6d33fa', 'teacherQuestions', 'Teacher questions', 1, 'text', 'Explain the periodic table patterns that connect to the article.', NULL, NULL);
INSERT INTO upcoming_support_sections (id, support_id, section_key, section_title, item_order, item_type, text_value, label, url) VALUES ('upcoming_support_sections-item-981cb8d1125c28b1', 'upcoming-support-f7c14d00fd6d33fa', 'teacherQuestions', 'Teacher questions', 2, 'text', 'Cite your source in APA style.', NULL, NULL);
INSERT INTO upcoming_support_sections (id, support_id, section_key, section_title, item_order, item_type, text_value, label, url) VALUES ('upcoming_support_sections-item-aeb764f0b646b531', 'upcoming-support-f7c14d00fd6d33fa', 'teacherQuestions', 'Teacher questions', 3, 'text', 'Use chemistry ideas from this unit so far when answering the article questions.', NULL, NULL);
INSERT INTO upcoming_support_sections (id, support_id, section_key, section_title, item_order, item_type, text_value, label, url) VALUES ('upcoming_support_sections-item-d00c37c56d0a6179', 'upcoming-support-f7c14d00fd6d33fa', 'flexibleThinkingExamples', 'Flexible thinking', 0, 'text', 'The CK-12 article is a possible practice article, not a confirmed exact test article.', NULL, NULL);
INSERT INTO upcoming_support_sections (id, support_id, section_key, section_title, item_order, item_type, text_value, label, url) VALUES ('upcoming_support_sections-item-46e5fad9b9005d7d', 'upcoming-support-f7c14d00fd6d33fa', 'flexibleThinkingExamples', 'Flexible thinking', 1, 'text', 'A good article answer should use evidence from the reading and chemistry vocabulary from class.', NULL, NULL);
INSERT INTO upcoming_support_sections (id, support_id, section_key, section_title, item_order, item_type, text_value, label, url) VALUES ('upcoming_support_sections-item-20dbdd321e06aebe', 'upcoming-support-f7c14d00fd6d33fa', 'flexibleThinkingExamples', 'Flexible thinking', 2, 'text', 'Kevin should practice short APA citations before Tuesday so he does not lose easy marks.', NULL, NULL);
INSERT INTO upcoming_support_sections (id, support_id, section_key, section_title, item_order, item_type, text_value, label, url) VALUES ('upcoming_support_sections-item-fa5c908f544c8e2a', 'upcoming-support-f7c14d00fd6d33fa', 'flexibleThinkingExamples', 'Flexible thinking', 3, 'text', 'This evaluation may combine reading comprehension with periodic table knowledge.', NULL, NULL);
INSERT INTO upcoming_support_items (id, subject_slug, when_label, topic, support_type, summary, source_kind, source_upload_id, created_at, updated_at) VALUES ('upcoming-support-0e730d71d3fe103b', 'science', 'Wednesday, April 1, 2026', 'Why is H = 1.008?', 'Preview', 'This card explains why hydrogen is written as 1.008 on the periodic table and how average atomic mass is different from mass number.', 'manual', NULL, '2026-04-03T22:28:11.613Z', '2026-04-03T22:28:11.613Z');
INSERT INTO upcoming_support_sections (id, support_id, section_key, section_title, item_order, item_type, text_value, label, url) VALUES ('upcoming_support_sections-item-572245351392983b', 'upcoming-support-0e730d71d3fe103b', 'beforeClass', 'Before class', 0, 'text', 'Atomic mass uses the unit u, which means atomic mass unit.', NULL, NULL);
INSERT INTO upcoming_support_sections (id, support_id, section_key, section_title, item_order, item_type, text_value, label, url) VALUES ('upcoming_support_sections-item-5c91708e635101a4', 'upcoming-support-0e730d71d3fe103b', 'beforeClass', 'Before class', 1, 'text', 'u is a very small unit used for atoms; it is not the same as grams.', NULL, NULL);
INSERT INTO upcoming_support_sections (id, support_id, section_key, section_title, item_order, item_type, text_value, label, url) VALUES ('upcoming_support_sections-item-7c2a6cb9ce655eb5', 'upcoming-support-0e730d71d3fe103b', 'beforeClass', 'Before class', 2, 'text', 'Hydrogen on the periodic table is written as 1.008 u because it is an average, not one exact atom.', NULL, NULL);
INSERT INTO upcoming_support_sections (id, support_id, section_key, section_title, item_order, item_type, text_value, label, url) VALUES ('upcoming_support_sections-item-bb535542151e0ad5', 'upcoming-support-0e730d71d3fe103b', 'beforeClass', 'Before class', 3, 'text', 'Most hydrogen atoms are Hydrogen-1, so the average stays very close to 1.', NULL, NULL);
INSERT INTO upcoming_support_sections (id, support_id, section_key, section_title, item_order, item_type, text_value, label, url) VALUES ('upcoming_support_sections-item-2eb764ff13d99b01', 'upcoming-support-0e730d71d3fe103b', 'keywords', 'Keywords', 0, 'text', 'atomic mass', NULL, NULL);
INSERT INTO upcoming_support_sections (id, support_id, section_key, section_title, item_order, item_type, text_value, label, url) VALUES ('upcoming_support_sections-item-200d57c4c9230dc1', 'upcoming-support-0e730d71d3fe103b', 'keywords', 'Keywords', 1, 'text', 'atomic mass unit', NULL, NULL);
INSERT INTO upcoming_support_sections (id, support_id, section_key, section_title, item_order, item_type, text_value, label, url) VALUES ('upcoming_support_sections-item-664066deff9d1c92', 'upcoming-support-0e730d71d3fe103b', 'keywords', 'Keywords', 2, 'text', 'u', NULL, NULL);
INSERT INTO upcoming_support_sections (id, support_id, section_key, section_title, item_order, item_type, text_value, label, url) VALUES ('upcoming_support_sections-item-48039ad525a6f0ef', 'upcoming-support-0e730d71d3fe103b', 'keywords', 'Keywords', 3, 'text', 'isotope', NULL, NULL);
INSERT INTO upcoming_support_sections (id, support_id, section_key, section_title, item_order, item_type, text_value, label, url) VALUES ('upcoming_support_sections-item-c53b100adfcf4fea', 'upcoming-support-0e730d71d3fe103b', 'keywords', 'Keywords', 4, 'text', 'Hydrogen-1', NULL, NULL);
INSERT INTO upcoming_support_sections (id, support_id, section_key, section_title, item_order, item_type, text_value, label, url) VALUES ('upcoming_support_sections-item-ebbb9ee07576e405', 'upcoming-support-0e730d71d3fe103b', 'keywords', 'Keywords', 5, 'text', 'Hydrogen-2', NULL, NULL);
INSERT INTO upcoming_support_sections (id, support_id, section_key, section_title, item_order, item_type, text_value, label, url) VALUES ('upcoming_support_sections-item-28d6baf563907113', 'upcoming-support-0e730d71d3fe103b', 'keywords', 'Keywords', 6, 'text', 'Hydrogen-3', NULL, NULL);
INSERT INTO upcoming_support_sections (id, support_id, section_key, section_title, item_order, item_type, text_value, label, url) VALUES ('upcoming_support_sections-item-1c5bf0172c1e134b', 'upcoming-support-0e730d71d3fe103b', 'keywords', 'Keywords', 7, 'text', 'average', NULL, NULL);
INSERT INTO upcoming_support_sections (id, support_id, section_key, section_title, item_order, item_type, text_value, label, url) VALUES ('upcoming_support_sections-item-a8fdaa48ba28bcc2', 'upcoming-support-0e730d71d3fe103b', 'quickQuestions', 'Quick questions', 0, 'text', 'Why is hydrogen written as 1.008 instead of 1?', NULL, NULL);
INSERT INTO upcoming_support_sections (id, support_id, section_key, section_title, item_order, item_type, text_value, label, url) VALUES ('upcoming_support_sections-item-3fc59882b11453bd', 'upcoming-support-0e730d71d3fe103b', 'quickQuestions', 'Quick questions', 1, 'text', 'What unit is used for atomic mass?', NULL, NULL);
INSERT INTO upcoming_support_sections (id, support_id, section_key, section_title, item_order, item_type, text_value, label, url) VALUES ('upcoming_support_sections-item-643fd396cc0804b9', 'upcoming-support-0e730d71d3fe103b', 'quickQuestions', 'Quick questions', 2, 'text', 'Why is average atomic mass often a decimal?', NULL, NULL);
INSERT INTO upcoming_support_sections (id, support_id, section_key, section_title, item_order, item_type, text_value, label, url) VALUES ('upcoming_support_sections-item-01b7f53db1957928', 'upcoming-support-0e730d71d3fe103b', 'quickQuestions', 'Quick questions', 3, 'text', 'How is mass number different from average atomic mass?', NULL, NULL);
INSERT INTO upcoming_support_sections (id, support_id, section_key, section_title, item_order, item_type, text_value, label, url) VALUES ('upcoming_support_sections-item-f47fd8481e93de88', 'upcoming-support-0e730d71d3fe103b', 'quickQuestions', 'Quick questions', 4, 'text', 'Why does Hydrogen-1 affect the average more than Hydrogen-2 or Hydrogen-3?', NULL, NULL);
INSERT INTO upcoming_support_sections (id, support_id, section_key, section_title, item_order, item_type, text_value, label, url) VALUES ('upcoming_support_sections-item-221a7a2bcb8c9986', 'upcoming-support-0e730d71d3fe103b', 'resources', 'Useful learning resources', 0, 'resource', NULL, '11.0 Atomic Structure slide', '/uploads/slide-quizzes%2Fatomic-structure-11-0.pdf');
INSERT INTO upcoming_support_sections (id, support_id, section_key, section_title, item_order, item_type, text_value, label, url) VALUES ('upcoming_support_sections-item-890c15a1373a086e', 'upcoming-support-0e730d71d3fe103b', 'resources', 'Useful learning resources', 1, 'resource', NULL, 'Kevin Apps: Atom Explorer', 'https://www.kevin-apps.com/atom');
INSERT INTO upcoming_support_sections (id, support_id, section_key, section_title, item_order, item_type, text_value, label, url) VALUES ('upcoming_support_sections-item-0a73074e6e2b301e', 'upcoming-support-0e730d71d3fe103b', 'teacherQuestions', 'Teacher questions', 0, 'text', 'What does the 1.008 beside hydrogen mean?', NULL, NULL);
INSERT INTO upcoming_support_sections (id, support_id, section_key, section_title, item_order, item_type, text_value, label, url) VALUES ('upcoming_support_sections-item-278bdf5c237f3bed', 'upcoming-support-0e730d71d3fe103b', 'teacherQuestions', 'Teacher questions', 1, 'text', 'Why is the periodic table value a decimal instead of a whole number?', NULL, NULL);
INSERT INTO upcoming_support_sections (id, support_id, section_key, section_title, item_order, item_type, text_value, label, url) VALUES ('upcoming_support_sections-item-d6ae3f8f25f2e68a', 'upcoming-support-0e730d71d3fe103b', 'teacherQuestions', 'Teacher questions', 2, 'text', 'Explain the difference between hydrogen''s mass number and hydrogen''s average atomic mass.', NULL, NULL);
INSERT INTO upcoming_support_sections (id, support_id, section_key, section_title, item_order, item_type, text_value, label, url) VALUES ('upcoming_support_sections-item-0e83c9e149c4f280', 'upcoming-support-0e730d71d3fe103b', 'flexibleThinkingExamples', 'Flexible thinking', 0, 'text', 'Hydrogen-1 is the most common isotope: 1 proton, 0 neutrons.', NULL, NULL);
INSERT INTO upcoming_support_sections (id, support_id, section_key, section_title, item_order, item_type, text_value, label, url) VALUES ('upcoming_support_sections-item-1aeb1351be63b30d', 'upcoming-support-0e730d71d3fe103b', 'flexibleThinkingExamples', 'Flexible thinking', 1, 'text', 'Hydrogen-2 is much less common: 1 proton, 1 neutron. It is also called deuterium.', NULL, NULL);
INSERT INTO upcoming_support_sections (id, support_id, section_key, section_title, item_order, item_type, text_value, label, url) VALUES ('upcoming_support_sections-item-9b29e8fb6ad7ac92', 'upcoming-support-0e730d71d3fe103b', 'flexibleThinkingExamples', 'Flexible thinking', 2, 'text', 'Hydrogen-3 is much rarer: 1 proton, 2 neutrons.', NULL, NULL);
INSERT INTO upcoming_support_sections (id, support_id, section_key, section_title, item_order, item_type, text_value, label, url) VALUES ('upcoming_support_sections-item-f6e2c4241e5f235a', 'upcoming-support-0e730d71d3fe103b', 'flexibleThinkingExamples', 'Flexible thinking', 3, 'text', 'Because most hydrogen atoms are Hydrogen-1, the weighted average stays near 1 and becomes 1.008 u.', NULL, NULL);
INSERT INTO upcoming_support_items (id, subject_slug, when_label, topic, support_type, summary, source_kind, source_upload_id, created_at, updated_at) VALUES ('upcoming-support-d0bb8c9c0a8b701c', 'science', 'Monday, March 30, 2026', 'Gas Test Lab', 'Preview', 'Before class, learn how simple lab tests help identify common gases such as oxygen, hydrogen, and carbon dioxide.', 'manual', NULL, '2026-04-03T22:28:11.613Z', '2026-04-03T22:28:11.613Z');
INSERT INTO upcoming_support_sections (id, support_id, section_key, section_title, item_order, item_type, text_value, label, url) VALUES ('upcoming_support_sections-item-af1fc94d4c9b1433', 'upcoming-support-d0bb8c9c0a8b701c', 'beforeClass', 'Before class', 0, 'text', 'Know that different gases can be identified with different test results.', NULL, NULL);
INSERT INTO upcoming_support_sections (id, support_id, section_key, section_title, item_order, item_type, text_value, label, url) VALUES ('upcoming_support_sections-item-31ba74ff78faadfc', 'upcoming-support-d0bb8c9c0a8b701c', 'beforeClass', 'Before class', 1, 'text', 'Be ready to connect each gas to a specific observation in the lab.', NULL, NULL);
INSERT INTO upcoming_support_sections (id, support_id, section_key, section_title, item_order, item_type, text_value, label, url) VALUES ('upcoming_support_sections-item-2ea14d085fcce2e9', 'upcoming-support-d0bb8c9c0a8b701c', 'beforeClass', 'Before class', 2, 'text', 'Preview the safety idea that tests are done carefully with small samples.', NULL, NULL);
INSERT INTO upcoming_support_sections (id, support_id, section_key, section_title, item_order, item_type, text_value, label, url) VALUES ('upcoming_support_sections-item-af86b12462a5eefa', 'upcoming-support-d0bb8c9c0a8b701c', 'beforeClass', 'Before class', 3, 'text', 'Be ready to record detailed observations such as ignition, glowing splint result, colour, and visible changes.', NULL, NULL);
INSERT INTO upcoming_support_sections (id, support_id, section_key, section_title, item_order, item_type, text_value, label, url) VALUES ('upcoming_support_sections-item-6da6504dcbf3ac8e', 'upcoming-support-d0bb8c9c0a8b701c', 'keywords', 'Keywords', 0, 'text', 'oxygen', NULL, NULL);
INSERT INTO upcoming_support_sections (id, support_id, section_key, section_title, item_order, item_type, text_value, label, url) VALUES ('upcoming_support_sections-item-35d39493cf1e9517', 'upcoming-support-d0bb8c9c0a8b701c', 'keywords', 'Keywords', 1, 'text', 'hydrogen', NULL, NULL);
INSERT INTO upcoming_support_sections (id, support_id, section_key, section_title, item_order, item_type, text_value, label, url) VALUES ('upcoming_support_sections-item-0be9f5fb0ae0d9f5', 'upcoming-support-d0bb8c9c0a8b701c', 'keywords', 'Keywords', 2, 'text', 'carbon dioxide', NULL, NULL);
INSERT INTO upcoming_support_sections (id, support_id, section_key, section_title, item_order, item_type, text_value, label, url) VALUES ('upcoming_support_sections-item-fbd44d3bf63ce277', 'upcoming-support-d0bb8c9c0a8b701c', 'keywords', 'Keywords', 3, 'text', 'glowing splint', NULL, NULL);
INSERT INTO upcoming_support_sections (id, support_id, section_key, section_title, item_order, item_type, text_value, label, url) VALUES ('upcoming_support_sections-item-c62e7b27407f4a46', 'upcoming-support-d0bb8c9c0a8b701c', 'keywords', 'Keywords', 4, 'text', 'burning splint', NULL, NULL);
INSERT INTO upcoming_support_sections (id, support_id, section_key, section_title, item_order, item_type, text_value, label, url) VALUES ('upcoming_support_sections-item-f722bc35c469d0f1', 'upcoming-support-d0bb8c9c0a8b701c', 'keywords', 'Keywords', 5, 'text', 'limewater', NULL, NULL);
INSERT INTO upcoming_support_sections (id, support_id, section_key, section_title, item_order, item_type, text_value, label, url) VALUES ('upcoming_support_sections-item-e322569843692868', 'upcoming-support-d0bb8c9c0a8b701c', 'keywords', 'Keywords', 6, 'text', 'magnesium ribbon', NULL, NULL);
INSERT INTO upcoming_support_sections (id, support_id, section_key, section_title, item_order, item_type, text_value, label, url) VALUES ('upcoming_support_sections-item-f9d58ea3ef04c41b', 'upcoming-support-d0bb8c9c0a8b701c', 'keywords', 'Keywords', 7, 'text', 'hydrogen peroxide', NULL, NULL);
INSERT INTO upcoming_support_sections (id, support_id, section_key, section_title, item_order, item_type, text_value, label, url) VALUES ('upcoming_support_sections-item-568519a446440533', 'upcoming-support-d0bb8c9c0a8b701c', 'keywords', 'Keywords', 8, 'text', 'potassium iodide', NULL, NULL);
INSERT INTO upcoming_support_sections (id, support_id, section_key, section_title, item_order, item_type, text_value, label, url) VALUES ('upcoming_support_sections-item-64c389ccb5fe1ec5', 'upcoming-support-d0bb8c9c0a8b701c', 'keywords', 'Keywords', 9, 'text', 'vinegar', NULL, NULL);
INSERT INTO upcoming_support_sections (id, support_id, section_key, section_title, item_order, item_type, text_value, label, url) VALUES ('upcoming_support_sections-item-8a55f4fdf4567619', 'upcoming-support-d0bb8c9c0a8b701c', 'keywords', 'Keywords', 10, 'text', 'baking soda', NULL, NULL);
INSERT INTO upcoming_support_sections (id, support_id, section_key, section_title, item_order, item_type, text_value, label, url) VALUES ('upcoming_support_sections-item-16d68f94b1fdb9ce', 'upcoming-support-d0bb8c9c0a8b701c', 'quickQuestions', 'Quick questions', 0, 'text', 'Which gas relights a glowing splint?', NULL, NULL);
INSERT INTO upcoming_support_sections (id, support_id, section_key, section_title, item_order, item_type, text_value, label, url) VALUES ('upcoming_support_sections-item-e45dba9de816cf29', 'upcoming-support-d0bb8c9c0a8b701c', 'quickQuestions', 'Quick questions', 1, 'text', 'Which gas makes a small squeaky pop with a burning splint?', NULL, NULL);
INSERT INTO upcoming_support_sections (id, support_id, section_key, section_title, item_order, item_type, text_value, label, url) VALUES ('upcoming_support_sections-item-56e8b5ca7aec8ed8', 'upcoming-support-d0bb8c9c0a8b701c', 'quickQuestions', 'Quick questions', 2, 'text', 'Which gas turns limewater cloudy?', NULL, NULL);
INSERT INTO upcoming_support_sections (id, support_id, section_key, section_title, item_order, item_type, text_value, label, url) VALUES ('upcoming_support_sections-item-5f8aca298ce90780', 'upcoming-support-d0bb8c9c0a8b701c', 'quickQuestions', 'Quick questions', 3, 'text', 'Which gas in this lab is linked to fire extinguishers?', NULL, NULL);
INSERT INTO upcoming_support_sections (id, support_id, section_key, section_title, item_order, item_type, text_value, label, url) VALUES ('upcoming_support_sections-item-04e1b03473fd836f', 'upcoming-support-d0bb8c9c0a8b701c', 'quickQuestions', 'Quick questions', 4, 'text', 'Which gas helps support breathing in hospitals?', NULL, NULL);
INSERT INTO upcoming_support_sections (id, support_id, section_key, section_title, item_order, item_type, text_value, label, url) VALUES ('upcoming_support_sections-item-be8f04f195822d91', 'upcoming-support-d0bb8c9c0a8b701c', 'quickQuestions', 'Quick questions', 5, 'text', 'How can you connect a gas property to a real-life use?', NULL, NULL);
INSERT INTO upcoming_support_sections (id, support_id, section_key, section_title, item_order, item_type, text_value, label, url) VALUES ('upcoming_support_sections-item-5dd2759bdc9c383b', 'upcoming-support-d0bb8c9c0a8b701c', 'resources', 'Useful learning resources', 0, 'resource', NULL, 'Local Gas Test Lab PDF', '../uploads/docs/SNC1W-Gas-Test-Lab-2024-25.pdf');
INSERT INTO upcoming_support_sections (id, support_id, section_key, section_title, item_order, item_type, text_value, label, url) VALUES ('upcoming_support_sections-item-6599430c74fb5c58', 'upcoming-support-d0bb8c9c0a8b701c', 'resources', 'Useful learning resources', 1, 'resource', NULL, 'Kevin Apps: Gas Lab', 'https://www.kevin-apps.com/lab/gas-lab');
INSERT INTO upcoming_support_sections (id, support_id, section_key, section_title, item_order, item_type, text_value, label, url) VALUES ('upcoming_support_sections-item-8c00e78226f65ebc', 'upcoming-support-d0bb8c9c0a8b701c', 'resources', 'Useful learning resources', 2, 'resource', NULL, 'Kevin Apps: Chemistry', 'https://www.kevin-apps.com/chemistry');
INSERT INTO upcoming_support_sections (id, support_id, section_key, section_title, item_order, item_type, text_value, label, url) VALUES ('upcoming_support_sections-item-8f219c239df8592e', 'upcoming-support-d0bb8c9c0a8b701c', 'resources', 'Useful learning resources', 3, 'resource', NULL, 'YouTube: Physics Teacher - Do you know your Gas Tests from Grade 9 science?', 'https://www.youtube.com/results?search_query=Physics+Teacher+Do+you+know+your+Gas+Tests+from+Grade+9+science');
INSERT INTO upcoming_support_sections (id, support_id, section_key, section_title, item_order, item_type, text_value, label, url) VALUES ('upcoming_support_sections-item-b09a537af76740a3', 'upcoming-support-d0bb8c9c0a8b701c', 'resources', 'Useful learning resources', 4, 'resource', NULL, 'YouTube search: gas tests chemistry', 'https://www.youtube.com/results?search_query=gas+tests+chemistry');
INSERT INTO upcoming_support_sections (id, support_id, section_key, section_title, item_order, item_type, text_value, label, url) VALUES ('upcoming_support_sections-item-45843cece75a160e', 'upcoming-support-d0bb8c9c0a8b701c', 'resources', 'Useful learning resources', 5, 'resource', NULL, 'Khan Academy search: gases chemistry', 'https://www.khanacademy.org/search?page_search_query=gases%20chemistry');
INSERT INTO upcoming_support_sections (id, support_id, section_key, section_title, item_order, item_type, text_value, label, url) VALUES ('upcoming_support_sections-item-5a27b06535fcc37b', 'upcoming-support-d0bb8c9c0a8b701c', 'labSteps', 'Lab steps', 0, 'text', 'Hydrogen: hydrochloric acid + magnesium ribbon, then test with a burning splint.', NULL, NULL);
INSERT INTO upcoming_support_sections (id, support_id, section_key, section_title, item_order, item_type, text_value, label, url) VALUES ('upcoming_support_sections-item-b6dceea18638c678', 'upcoming-support-d0bb8c9c0a8b701c', 'labSteps', 'Lab steps', 1, 'text', 'Oxygen: hydrogen peroxide + potassium iodide, then test with a glowing splint.', NULL, NULL);
INSERT INTO upcoming_support_sections (id, support_id, section_key, section_title, item_order, item_type, text_value, label, url) VALUES ('upcoming_support_sections-item-fdde82b7fa4b6ff7', 'upcoming-support-d0bb8c9c0a8b701c', 'labSteps', 'Lab steps', 2, 'text', 'Carbon dioxide: vinegar + baking soda, then test with a burning splint and, if needed, a glowing splint.', NULL, NULL);
INSERT INTO upcoming_support_sections (id, support_id, section_key, section_title, item_order, item_type, text_value, label, url) VALUES ('upcoming_support_sections-item-06c164e8cd84356a', 'upcoming-support-d0bb8c9c0a8b701c', 'propertyUseLinks', 'Property to use ideas', 0, 'text', 'Hydrogen is flammable, so it can be used as a fuel source such as rocket fuel or other energy applications.', NULL, NULL);
INSERT INTO upcoming_support_sections (id, support_id, section_key, section_title, item_order, item_type, text_value, label, url) VALUES ('upcoming_support_sections-item-b7ee7d5e50fb0667', 'upcoming-support-d0bb8c9c0a8b701c', 'propertyUseLinks', 'Property to use ideas', 1, 'text', 'Oxygen supports combustion, so it is useful for medical breathing support and processes that need burning.', NULL, NULL);
INSERT INTO upcoming_support_sections (id, support_id, section_key, section_title, item_order, item_type, text_value, label, url) VALUES ('upcoming_support_sections-item-a7b537c05a883e7b', 'upcoming-support-d0bb8c9c0a8b701c', 'propertyUseLinks', 'Property to use ideas', 2, 'text', 'Carbon dioxide does not support combustion, so it is used in fire extinguishers.', NULL, NULL);
INSERT INTO upcoming_support_sections (id, support_id, section_key, section_title, item_order, item_type, text_value, label, url) VALUES ('upcoming_support_sections-item-dd7e8f07566f3eda', 'upcoming-support-d0bb8c9c0a8b701c', 'teacherQuestions', 'Teacher questions', 0, 'text', 'How are the physical properties of the gases similar?', NULL, NULL);
INSERT INTO upcoming_support_sections (id, support_id, section_key, section_title, item_order, item_type, text_value, label, url) VALUES ('upcoming_support_sections-item-5d8040095a7337bc', 'upcoming-support-d0bb8c9c0a8b701c', 'teacherQuestions', 'Teacher questions', 1, 'text', 'How are the physical properties different?', NULL, NULL);
INSERT INTO upcoming_support_sections (id, support_id, section_key, section_title, item_order, item_type, text_value, label, url) VALUES ('upcoming_support_sections-item-51a3b0a6b6f56c11', 'upcoming-support-d0bb8c9c0a8b701c', 'teacherQuestions', 'Teacher questions', 2, 'text', 'How are the chemical properties different?', NULL, NULL);
INSERT INTO upcoming_support_sections (id, support_id, section_key, section_title, item_order, item_type, text_value, label, url) VALUES ('upcoming_support_sections-item-103a87316fea8100', 'upcoming-support-d0bb8c9c0a8b701c', 'teacherQuestions', 'Teacher questions', 3, 'text', 'Which gas is used in fire extinguishers and why?', NULL, NULL);
INSERT INTO upcoming_support_sections (id, support_id, section_key, section_title, item_order, item_type, text_value, label, url) VALUES ('upcoming_support_sections-item-cd7a2f1fa712888b', 'upcoming-support-d0bb8c9c0a8b701c', 'teacherQuestions', 'Teacher questions', 4, 'text', 'Which gas was used in balloons and why is it no longer commonly used?', NULL, NULL);
INSERT INTO upcoming_support_sections (id, support_id, section_key, section_title, item_order, item_type, text_value, label, url) VALUES ('upcoming_support_sections-item-50571926e19c2106', 'upcoming-support-d0bb8c9c0a8b701c', 'teacherQuestions', 'Teacher questions', 5, 'text', 'Which gas is used to help hospital patients breathe?', NULL, NULL);
INSERT INTO upcoming_support_sections (id, support_id, section_key, section_title, item_order, item_type, text_value, label, url) VALUES ('upcoming_support_sections-item-3e9573897f98a92e', 'upcoming-support-d0bb8c9c0a8b701c', 'teacherQuestions', 'Teacher questions', 6, 'text', 'Pick one property and explain why it makes that substance useful in real life.', NULL, NULL);
INSERT INTO upcoming_support_sections (id, support_id, section_key, section_title, item_order, item_type, text_value, label, url) VALUES ('upcoming_support_sections-item-343a5d165f1f00d8', 'upcoming-support-d0bb8c9c0a8b701c', 'teacherQuestions', 'Teacher questions', 7, 'text', 'Explain why a material''s physical property can make it a good choice for a job, like carbon in pencil lead.', NULL, NULL);
INSERT INTO upcoming_support_sections (id, support_id, section_key, section_title, item_order, item_type, text_value, label, url) VALUES ('upcoming_support_sections-item-a34704e19e34df53', 'upcoming-support-d0bb8c9c0a8b701c', 'flexibleThinkingExamples', 'Flexible thinking', 0, 'text', 'Non-metal carbon in pencil lead is soft enough to rub onto paper, so that physical property makes it useful for writing.', NULL, NULL);
INSERT INTO upcoming_support_sections (id, support_id, section_key, section_title, item_order, item_type, text_value, label, url) VALUES ('upcoming_support_sections-item-118fdc2605a10cb9', 'upcoming-support-d0bb8c9c0a8b701c', 'flexibleThinkingExamples', 'Flexible thinking', 1, 'text', 'A teacher may ask for a property-to-use explanation, not just the name of the gas or substance.', NULL, NULL);
INSERT INTO upcoming_support_sections (id, support_id, section_key, section_title, item_order, item_type, text_value, label, url) VALUES ('upcoming_support_sections-item-a515cb955ed8d9a5', 'upcoming-support-d0bb8c9c0a8b701c', 'flexibleThinkingExamples', 'Flexible thinking', 2, 'text', 'Practice answering in this format: property -> what it means -> why that helps in the real-world use.', NULL, NULL);
INSERT INTO subject_topic_cards (id, subject_slug, title, summary, source_kind, source_upload_id, source_ref, created_at, updated_at) VALUES ('subject-card-99f9a8d531e8de61', 'science', 'The Planetary Model', 'The planetary model explains that electrons move in fixed energy levels around the nucleus, can jump between orbits, and release light when they fall to lower energy levels.', 'manual', NULL, NULL, '2026-04-03T22:28:11.614Z', '2026-04-03T22:28:11.614Z');
INSERT INTO subject_topic_sections (id, card_id, section_key, section_title, item_order, item_type, text_value, label, url) VALUES ('subject_topic_sections-item-eefb171e6f14982a', 'subject-card-99f9a8d531e8de61', 'keyConcepts', 'Key concepts', 0, 'text', 'The nuclear model could not explain where electrons were located.', NULL, NULL);
INSERT INTO subject_topic_sections (id, card_id, section_key, section_title, item_order, item_type, text_value, label, url) VALUES ('subject_topic_sections-item-dbc3a4f44accc67a', 'subject-card-99f9a8d531e8de61', 'keyConcepts', 'Key concepts', 1, 'text', 'Scientists thought moving electrons should release radiation and crash into the nucleus, but atoms do not collapse like that.', NULL, NULL);
INSERT INTO subject_topic_sections (id, card_id, section_key, section_title, item_order, item_type, text_value, label, url) VALUES ('subject_topic_sections-item-335b43847ef24505', 'subject-card-99f9a8d531e8de61', 'keyConcepts', 'Key concepts', 2, 'text', 'Bohr proposed a planetary model in which electrons orbit the nucleus like planets orbit the Sun.', NULL, NULL);
INSERT INTO subject_topic_sections (id, card_id, section_key, section_title, item_order, item_type, text_value, label, url) VALUES ('subject_topic_sections-item-5579587ce2a570ec', 'subject-card-99f9a8d531e8de61', 'keyConcepts', 'Key concepts', 3, 'text', 'Each electron orbit has a definite amount of energy.', NULL, NULL);
INSERT INTO subject_topic_sections (id, card_id, section_key, section_title, item_order, item_type, text_value, label, url) VALUES ('subject_topic_sections-item-f9f9fae91ffc0744', 'subject-card-99f9a8d531e8de61', 'keyConcepts', 'Key concepts', 4, 'text', 'Electrons farther from the nucleus have greater energy.', NULL, NULL);
INSERT INTO subject_topic_sections (id, card_id, section_key, section_title, item_order, item_type, text_value, label, url) VALUES ('subject_topic_sections-item-aa598781b73f45fb', 'subject-card-99f9a8d531e8de61', 'keyConcepts', 'Key concepts', 5, 'text', 'Electrons cannot exist between orbits but can jump from one orbit to another.', NULL, NULL);
INSERT INTO subject_topic_sections (id, card_id, section_key, section_title, item_order, item_type, text_value, label, url) VALUES ('subject_topic_sections-item-f181a7c8335638cd', 'subject-card-99f9a8d531e8de61', 'keyConcepts', 'Key concepts', 6, 'text', 'When electrons drop from higher to lower orbits, they release energy as light.', NULL, NULL);
INSERT INTO subject_topic_sections (id, card_id, section_key, section_title, item_order, item_type, text_value, label, url) VALUES ('subject_topic_sections-item-cf9c59b99b4c976b', 'subject-card-99f9a8d531e8de61', 'keyConcepts', 'Key concepts', 7, 'text', 'Each orbit can hold a maximum number of electrons.', NULL, NULL);
INSERT INTO subject_topic_sections (id, card_id, section_key, section_title, item_order, item_type, text_value, label, url) VALUES ('subject_topic_sections-item-9f041a1651c53ac5', 'subject-card-99f9a8d531e8de61', 'teacherNotes', 'Teacher notes summary', 0, 'text', 'The line spectra idea is the evidence that pushes the lesson beyond the old nuclear model.', NULL, NULL);
INSERT INTO subject_topic_sections (id, card_id, section_key, section_title, item_order, item_type, text_value, label, url) VALUES ('subject_topic_sections-item-36c5d62e02f57f3a', 'subject-card-99f9a8d531e8de61', 'teacherNotes', 'Teacher notes summary', 1, 'text', 'Teacher quiz questions may ask why the nuclear model was incomplete before the planetary model was proposed.', NULL, NULL);
INSERT INTO subject_topic_sections (id, card_id, section_key, section_title, item_order, item_type, text_value, label, url) VALUES ('subject_topic_sections-item-f8dc6048b72ca6b9', 'subject-card-99f9a8d531e8de61', 'teacherNotes', 'Teacher notes summary', 2, 'text', 'Know both the strengths and the limitation: the planetary model still could not explain line spectra for atoms with two or more electrons.', NULL, NULL);
INSERT INTO subject_topic_sections (id, card_id, section_key, section_title, item_order, item_type, text_value, label, url) VALUES ('subject_topic_sections-item-2e792a6b7c14e710', 'subject-card-99f9a8d531e8de61', 'resources', 'Useful learning resources', 0, 'resource', NULL, '13.0 The Planetary Model slide', '/uploads/slide-quizzes%2Fthe-planetary-model-13-0.pdf');
INSERT INTO subject_topic_sections (id, card_id, section_key, section_title, item_order, item_type, text_value, label, url) VALUES ('subject_topic_sections-item-6be851816bb650b6', 'subject-card-99f9a8d531e8de61', 'resources', 'Useful learning resources', 1, 'resource', NULL, 'Kevin Apps: Atom Explorer', 'https://www.kevin-apps.com/atom');
INSERT INTO subject_topic_sections (id, card_id, section_key, section_title, item_order, item_type, text_value, label, url) VALUES ('subject_topic_sections-item-00bc8f449d5f8c03', 'subject-card-99f9a8d531e8de61', 'quizEasy', 'Easy quiz questions', 0, 'text', 'Why was the nuclear model incomplete?', NULL, NULL);
INSERT INTO subject_topic_sections (id, card_id, section_key, section_title, item_order, item_type, text_value, label, url) VALUES ('subject_topic_sections-item-4e1b2f096c50f374', 'subject-card-99f9a8d531e8de61', 'quizEasy', 'Easy quiz questions', 1, 'text', 'What happens when an electron moves from a higher orbit to a lower orbit?', NULL, NULL);
INSERT INTO subject_topic_sections (id, card_id, section_key, section_title, item_order, item_type, text_value, label, url) VALUES ('subject_topic_sections-item-25f9c56513c68236', 'subject-card-99f9a8d531e8de61', 'quizEasy', 'Easy quiz questions', 2, 'text', 'How does electron energy change as distance from the nucleus increases?', NULL, NULL);
INSERT INTO subject_topic_sections (id, card_id, section_key, section_title, item_order, item_type, text_value, label, url) VALUES ('subject_topic_sections-item-981bfc0abdca9136', 'subject-card-99f9a8d531e8de61', 'quizMedium', 'Medium quiz questions', 0, 'text', 'Explain why scientists thought the old nuclear model should make atoms unstable.', NULL, NULL);
INSERT INTO subject_topic_sections (id, card_id, section_key, section_title, item_order, item_type, text_value, label, url) VALUES ('subject_topic_sections-item-80d949e4a45f7e39', 'subject-card-99f9a8d531e8de61', 'quizMedium', 'Medium quiz questions', 1, 'text', 'What evidence from line spectra supported the idea of fixed energy levels?', NULL, NULL);
INSERT INTO subject_topic_sections (id, card_id, section_key, section_title, item_order, item_type, text_value, label, url) VALUES ('subject_topic_sections-item-0497c8267a5005d2', 'subject-card-99f9a8d531e8de61', 'quizHard', 'Hard quiz questions', 0, 'text', 'Explain one strength and one limitation of the planetary model.', NULL, NULL);
INSERT INTO subject_topic_sections (id, card_id, section_key, section_title, item_order, item_type, text_value, label, url) VALUES ('subject_topic_sections-item-3e9752f05c70f3c5', 'subject-card-99f9a8d531e8de61', 'quizHard', 'Hard quiz questions', 1, 'text', 'Why did scientists later need quantum mechanics even after the planetary model?', NULL, NULL);
INSERT INTO subject_topic_sections (id, card_id, section_key, section_title, item_order, item_type, text_value, label, url) VALUES ('subject_topic_sections-item-e8142a1c085d9adc', 'subject-card-99f9a8d531e8de61', 'feynmanChecklist', 'Feynman mastery checklist', 0, 'text', 'I can explain why the nuclear model needed to be revised.', NULL, NULL);
INSERT INTO subject_topic_sections (id, card_id, section_key, section_title, item_order, item_type, text_value, label, url) VALUES ('subject_topic_sections-item-96799db93681ce32', 'subject-card-99f9a8d531e8de61', 'feynmanChecklist', 'Feynman mastery checklist', 1, 'text', 'I can describe fixed energy levels in simple English.', NULL, NULL);
INSERT INTO subject_topic_sections (id, card_id, section_key, section_title, item_order, item_type, text_value, label, url) VALUES ('subject_topic_sections-item-76f48c10890078c6', 'subject-card-99f9a8d531e8de61', 'feynmanChecklist', 'Feynman mastery checklist', 2, 'text', 'I can explain how line spectra connect to electron jumps.', NULL, NULL);
INSERT INTO subject_topic_sections (id, card_id, section_key, section_title, item_order, item_type, text_value, label, url) VALUES ('subject_topic_sections-item-38c4d59ad83e2503', 'subject-card-99f9a8d531e8de61', 'applications', 'Real-world applications', 0, 'text', 'Use the orbit and energy-level ideas when explaining emission spectra and why atoms produce specific colours of light.', NULL, NULL);
INSERT INTO subject_topic_cards (id, subject_slug, title, summary, source_kind, source_upload_id, source_ref, created_at, updated_at) VALUES ('subject-card-2ccb8ba6710d7177', 'science', 'Atomic Structure', 'Atomic structure focuses on the three subatomic particles, atomic number, mass number, isotopes, and how to calculate protons, neutrons, and electrons in a neutral atom.', 'manual', NULL, NULL, '2026-04-03T22:28:11.614Z', '2026-04-03T22:28:11.614Z');
INSERT INTO subject_topic_sections (id, card_id, section_key, section_title, item_order, item_type, text_value, label, url) VALUES ('subject_topic_sections-item-aa5ed9946770a133', 'subject-card-2ccb8ba6710d7177', 'keyConcepts', 'Key concepts', 0, 'text', 'Protons are positive and neutrons are neutral in the nucleus; electrons are negative and move around the nucleus.', NULL, NULL);
INSERT INTO subject_topic_sections (id, card_id, section_key, section_title, item_order, item_type, text_value, label, url) VALUES ('subject_topic_sections-item-553ea0739ba1f33b', 'subject-card-2ccb8ba6710d7177', 'keyConcepts', 'Key concepts', 1, 'text', 'Atomic number = number of protons, and in a neutral atom it also equals the number of electrons.', NULL, NULL);
INSERT INTO subject_topic_sections (id, card_id, section_key, section_title, item_order, item_type, text_value, label, url) VALUES ('subject_topic_sections-item-52db46c86da36d44', 'subject-card-2ccb8ba6710d7177', 'keyConcepts', 'Key concepts', 2, 'text', 'Mass number = protons + neutrons.', NULL, NULL);
INSERT INTO subject_topic_sections (id, card_id, section_key, section_title, item_order, item_type, text_value, label, url) VALUES ('subject_topic_sections-item-a1e6e01909966659', 'subject-card-2ccb8ba6710d7177', 'keyConcepts', 'Key concepts', 3, 'text', 'Neutrons = mass number - protons.', NULL, NULL);
INSERT INTO subject_topic_sections (id, card_id, section_key, section_title, item_order, item_type, text_value, label, url) VALUES ('subject_topic_sections-item-45ed2bcbfc0da91e', 'subject-card-2ccb8ba6710d7177', 'keyConcepts', 'Key concepts', 4, 'text', 'Isotopes are atoms of the same element with different numbers of neutrons.', NULL, NULL);
INSERT INTO subject_topic_sections (id, card_id, section_key, section_title, item_order, item_type, text_value, label, url) VALUES ('subject_topic_sections-item-6b3f2996610df0d5', 'subject-card-2ccb8ba6710d7177', 'keyConcepts', 'Key concepts', 5, 'text', 'Atomic mass on the periodic table is a weighted average, not the same as the mass number.', NULL, NULL);
INSERT INTO subject_topic_sections (id, card_id, section_key, section_title, item_order, item_type, text_value, label, url) VALUES ('subject_topic_sections-item-301caa7ae6a85898', 'subject-card-2ccb8ba6710d7177', 'teacherNotes', 'Teacher notes summary', 0, 'text', 'The slide breaks atomic structure into particle identity first, then atomic number, mass number, isotopes, atomic mass, and finally the reminder formulas.', NULL, NULL);
INSERT INTO subject_topic_sections (id, card_id, section_key, section_title, item_order, item_type, text_value, label, url) VALUES ('subject_topic_sections-item-ccc471b81c87b072', 'subject-card-2ccb8ba6710d7177', 'teacherNotes', 'Teacher notes summary', 1, 'text', 'Be ready for teacher questions that ask for the difference between atomic number, mass number, and atomic mass.', NULL, NULL);
INSERT INTO subject_topic_sections (id, card_id, section_key, section_title, item_order, item_type, text_value, label, url) VALUES ('subject_topic_sections-item-5b7e22c86f1b0874', 'subject-card-2ccb8ba6710d7177', 'teacherNotes', 'Teacher notes summary', 2, 'text', 'The practice sheet focuses on identifying particles, neutral charge, and filling in proton-electron-neutron tables.', NULL, NULL);
INSERT INTO subject_topic_sections (id, card_id, section_key, section_title, item_order, item_type, text_value, label, url) VALUES ('subject_topic_sections-item-d6cf6f19cddd994f', 'subject-card-2ccb8ba6710d7177', 'resources', 'Useful learning resources', 0, 'resource', NULL, '11.0 Atomic Structure slide', '/uploads/slide-quizzes%2Fatomic-structure-11-0.pdf');
INSERT INTO subject_topic_sections (id, card_id, section_key, section_title, item_order, item_type, text_value, label, url) VALUES ('subject_topic_sections-item-834929c42692249d', 'subject-card-2ccb8ba6710d7177', 'resources', 'Useful learning resources', 1, 'resource', NULL, '11.2 Atomic Structure Practice', '/uploads/slide-quizzes%2Fatomic-structure-practice-11-2.pdf');
INSERT INTO subject_topic_sections (id, card_id, section_key, section_title, item_order, item_type, text_value, label, url) VALUES ('subject_topic_sections-item-2355923f8fc9022f', 'subject-card-2ccb8ba6710d7177', 'resources', 'Useful learning resources', 2, 'resource', NULL, 'Kevin Apps: Atom Explorer', 'https://www.kevin-apps.com/atom');
INSERT INTO subject_topic_sections (id, card_id, section_key, section_title, item_order, item_type, text_value, label, url) VALUES ('subject_topic_sections-item-d3b9e788ce013a8f', 'subject-card-2ccb8ba6710d7177', 'quizEasy', 'Easy quiz questions', 0, 'text', 'Which particle decides the atomic number of an atom?', NULL, NULL);
INSERT INTO subject_topic_sections (id, card_id, section_key, section_title, item_order, item_type, text_value, label, url) VALUES ('subject_topic_sections-item-ce3f32e1d89aee06', 'subject-card-2ccb8ba6710d7177', 'quizEasy', 'Easy quiz questions', 1, 'text', 'In a neutral atom, how are protons and electrons related?', NULL, NULL);
INSERT INTO subject_topic_sections (id, card_id, section_key, section_title, item_order, item_type, text_value, label, url) VALUES ('subject_topic_sections-item-8b82bc723ed25515', 'subject-card-2ccb8ba6710d7177', 'quizEasy', 'Easy quiz questions', 2, 'text', 'What does mass number count?', NULL, NULL);
INSERT INTO subject_topic_sections (id, card_id, section_key, section_title, item_order, item_type, text_value, label, url) VALUES ('subject_topic_sections-item-f90aa44103b04777', 'subject-card-2ccb8ba6710d7177', 'quizMedium', 'Medium quiz questions', 0, 'text', 'Explain the difference between mass number and atomic mass.', NULL, NULL);
INSERT INTO subject_topic_sections (id, card_id, section_key, section_title, item_order, item_type, text_value, label, url) VALUES ('subject_topic_sections-item-6968fb72c6b51be3', 'subject-card-2ccb8ba6710d7177', 'quizMedium', 'Medium quiz questions', 1, 'text', 'Why can two isotopes belong to the same element even though their masses differ?', NULL, NULL);
INSERT INTO subject_topic_sections (id, card_id, section_key, section_title, item_order, item_type, text_value, label, url) VALUES ('subject_topic_sections-item-33f38a070a72b951', 'subject-card-2ccb8ba6710d7177', 'quizMedium', 'Medium quiz questions', 2, 'text', 'If an atom has atomic number 8 and mass number 16, how many neutrons does it have?', NULL, NULL);
INSERT INTO subject_topic_sections (id, card_id, section_key, section_title, item_order, item_type, text_value, label, url) VALUES ('subject_topic_sections-item-6f106e76ded2d84f', 'subject-card-2ccb8ba6710d7177', 'quizHard', 'Hard quiz questions', 0, 'text', 'Use the slide formulas to explain how you would find protons, electrons, and neutrons for a neutral atom.', NULL, NULL);
INSERT INTO subject_topic_sections (id, card_id, section_key, section_title, item_order, item_type, text_value, label, url) VALUES ('subject_topic_sections-item-37b6a856095ed12d', 'subject-card-2ccb8ba6710d7177', 'quizHard', 'Hard quiz questions', 1, 'text', 'Why is the decimal on the periodic table not the same as the mass number shown in isotope notation?', NULL, NULL);
INSERT INTO subject_topic_sections (id, card_id, section_key, section_title, item_order, item_type, text_value, label, url) VALUES ('subject_topic_sections-item-9d8aafec4dec5694', 'subject-card-2ccb8ba6710d7177', 'feynmanChecklist', 'Feynman mastery checklist', 0, 'text', 'I can explain atomic number, mass number, and atomic mass in simple words.', NULL, NULL);
INSERT INTO subject_topic_sections (id, card_id, section_key, section_title, item_order, item_type, text_value, label, url) VALUES ('subject_topic_sections-item-679b77bce7003d33', 'subject-card-2ccb8ba6710d7177', 'feynmanChecklist', 'Feynman mastery checklist', 1, 'text', 'I can tell someone how to find neutrons using mass number and protons.', NULL, NULL);
INSERT INTO subject_topic_sections (id, card_id, section_key, section_title, item_order, item_type, text_value, label, url) VALUES ('subject_topic_sections-item-c24d6ba5935ad4bf', 'subject-card-2ccb8ba6710d7177', 'feynmanChecklist', 'Feynman mastery checklist', 2, 'text', 'I can explain why isotopes are the same element but not exactly the same atom.', NULL, NULL);
INSERT INTO subject_topic_sections (id, card_id, section_key, section_title, item_order, item_type, text_value, label, url) VALUES ('subject_topic_sections-item-16edf8d96b817afa', 'subject-card-2ccb8ba6710d7177', 'applications', 'Real-world applications', 0, 'text', 'Use atomic number, mass number, and neutral charge rules to complete particle tables quickly on worksheets and quizzes.', NULL, NULL);
INSERT INTO subject_topic_sections (id, card_id, section_key, section_title, item_order, item_type, text_value, label, url) VALUES ('subject_topic_sections-item-1b862c7b75cff230', 'subject-card-2ccb8ba6710d7177', 'applications', 'Real-world applications', 1, 'text', 'Watch for teacher questions that compare isotope notation with the decimal atomic mass on the periodic table.', NULL, NULL);
INSERT INTO subject_topic_cards (id, subject_slug, title, summary, source_kind, source_upload_id, source_ref, created_at, updated_at) VALUES ('subject-card-7f7d5d3984286d5b', 'science', 'Current Chemistry Test Range', 'The current Chemistry test range starts with the March 23, 2026 content and continues through the newest class materials, including atomic structure and Bohr-Rutherford work.', 'manual', NULL, NULL, '2026-04-03T22:28:11.615Z', '2026-04-03T22:28:11.615Z');
INSERT INTO subject_topic_sections (id, card_id, section_key, section_title, item_order, item_type, text_value, label, url) VALUES ('subject_topic_sections-item-bf80e36194061133', 'subject-card-7f7d5d3984286d5b', 'keyConcepts', 'Key concepts', 0, 'text', 'Periodic table patterns', NULL, NULL);
INSERT INTO subject_topic_sections (id, card_id, section_key, section_title, item_order, item_type, text_value, label, url) VALUES ('subject_topic_sections-item-3377e71ea1ee946c', 'subject-card-7f7d5d3984286d5b', 'keyConcepts', 'Key concepts', 1, 'text', 'The periodic table', NULL, NULL);
INSERT INTO subject_topic_sections (id, card_id, section_key, section_title, item_order, item_type, text_value, label, url) VALUES ('subject_topic_sections-item-87f36d1766e2e32a', 'subject-card-7f7d5d3984286d5b', 'keyConcepts', 'Key concepts', 2, 'text', 'Atomic theory', NULL, NULL);
INSERT INTO subject_topic_sections (id, card_id, section_key, section_title, item_order, item_type, text_value, label, url) VALUES ('subject_topic_sections-item-b12063d5882acbdf', 'subject-card-7f7d5d3984286d5b', 'keyConcepts', 'Key concepts', 3, 'text', 'Atomic structure', NULL, NULL);
INSERT INTO subject_topic_sections (id, card_id, section_key, section_title, item_order, item_type, text_value, label, url) VALUES ('subject_topic_sections-item-582532951e225dd8', 'subject-card-7f7d5d3984286d5b', 'keyConcepts', 'Key concepts', 4, 'text', 'Bohr-Rutherford diagrams and the planetary model', NULL, NULL);
INSERT INTO subject_topic_sections (id, card_id, section_key, section_title, item_order, item_type, text_value, label, url) VALUES ('subject_topic_sections-item-69616b2f123cf54c', 'subject-card-7f7d5d3984286d5b', 'keyConcepts', 'Key concepts', 5, 'text', 'Coding for Science connections where assigned', NULL, NULL);
INSERT INTO subject_topic_sections (id, card_id, section_key, section_title, item_order, item_type, text_value, label, url) VALUES ('subject_topic_sections-item-d3e2899ff8237f07', 'subject-card-7f7d5d3984286d5b', 'teacherNotes', 'Teacher notes summary', 0, 'text', 'March 23, 2026 and later Chemistry posts are part of the next test range.', NULL, NULL);
INSERT INTO subject_topic_sections (id, card_id, section_key, section_title, item_order, item_type, text_value, label, url) VALUES ('subject_topic_sections-item-6b503473148e1ba8', 'subject-card-7f7d5d3984286d5b', 'teacherNotes', 'Teacher notes summary', 1, 'text', 'Use recent Google Classroom materials as the main review source.', NULL, NULL);
INSERT INTO subject_topic_sections (id, card_id, section_key, section_title, item_order, item_type, text_value, label, url) VALUES ('subject_topic_sections-item-b9bc939cd2a8b685', 'subject-card-7f7d5d3984286d5b', 'teacherNotes', 'Teacher notes summary', 2, 'text', 'Atomic Structure is a priority review area because a practice quiz is scheduled for Tuesday April 7, 2026.', NULL, NULL);
INSERT INTO subject_topic_sections (id, card_id, section_key, section_title, item_order, item_type, text_value, label, url) VALUES ('subject_topic_sections-item-7512402b09140a51', 'subject-card-7f7d5d3984286d5b', 'teacherNotes', 'Teacher notes summary', 3, 'text', 'The Chemistry Article Evaluation on Tuesday April 7, 2026 will also need periodic table patterns, APA source citation, and chemistry knowledge from this unit so far.', NULL, NULL);
INSERT INTO subject_topic_sections (id, card_id, section_key, section_title, item_order, item_type, text_value, label, url) VALUES ('subject_topic_sections-item-21efc3bce5326713', 'subject-card-7f7d5d3984286d5b', 'resources', 'Useful learning resources', 0, 'text', 'Mar 23 - Periodic Table Patterns', NULL, NULL);
INSERT INTO subject_topic_sections (id, card_id, section_key, section_title, item_order, item_type, text_value, label, url) VALUES ('subject_topic_sections-item-edfa45938b0d1cdd', 'subject-card-7f7d5d3984286d5b', 'resources', 'Useful learning resources', 1, 'text', 'Mar 24 - The Periodic Table', NULL, NULL);
INSERT INTO subject_topic_sections (id, card_id, section_key, section_title, item_order, item_type, text_value, label, url) VALUES ('subject_topic_sections-item-5cd27085b5af7749', 'subject-card-7f7d5d3984286d5b', 'resources', 'Useful learning resources', 2, 'text', 'Mar 27 - Atomic Theory', NULL, NULL);
INSERT INTO subject_topic_sections (id, card_id, section_key, section_title, item_order, item_type, text_value, label, url) VALUES ('subject_topic_sections-item-2333d2fd232a93ad', 'subject-card-7f7d5d3984286d5b', 'resources', 'Useful learning resources', 3, 'text', 'Apr 1 - Atomic Structure', NULL, NULL);
INSERT INTO subject_topic_sections (id, card_id, section_key, section_title, item_order, item_type, text_value, label, url) VALUES ('subject_topic_sections-item-58f8c9aebab3e292', 'subject-card-7f7d5d3984286d5b', 'resources', 'Useful learning resources', 4, 'text', 'Apr 1 - The Planetary Model', NULL, NULL);
INSERT INTO subject_topic_sections (id, card_id, section_key, section_title, item_order, item_type, text_value, label, url) VALUES ('subject_topic_sections-item-287c1f7e9f97c9f9', 'subject-card-7f7d5d3984286d5b', 'resources', 'Useful learning resources', 5, 'text', '11.2 Atomic Structure Practice', NULL, NULL);
INSERT INTO subject_topic_sections (id, card_id, section_key, section_title, item_order, item_type, text_value, label, url) VALUES ('subject_topic_sections-item-c6b1e914d9c2be0e', 'subject-card-7f7d5d3984286d5b', 'resources', 'Useful learning resources', 6, 'text', '1.0 Citing your Sources Lesson 2025', NULL, NULL);
INSERT INTO subject_topic_sections (id, card_id, section_key, section_title, item_order, item_type, text_value, label, url) VALUES ('subject_topic_sections-item-fdf9aeb389d34ac5', 'subject-card-7f7d5d3984286d5b', 'resources', 'Useful learning resources', 7, 'text', 'Possible practice article (inference): CK-12 section 6.3', NULL, NULL);
INSERT INTO subject_topic_sections (id, card_id, section_key, section_title, item_order, item_type, text_value, label, url) VALUES ('subject_topic_sections-item-83e994fef1a392a5', 'subject-card-7f7d5d3984286d5b', 'feynmanChecklist', 'Feynman mastery checklist', 0, 'text', 'I can explain the main periodic table patterns.', NULL, NULL);
INSERT INTO subject_topic_sections (id, card_id, section_key, section_title, item_order, item_type, text_value, label, url) VALUES ('subject_topic_sections-item-20b6843fbef2b38a', 'subject-card-7f7d5d3984286d5b', 'feynmanChecklist', 'Feynman mastery checklist', 1, 'text', 'I can describe the key idea of atomic theory in simple words.', NULL, NULL);
INSERT INTO subject_topic_sections (id, card_id, section_key, section_title, item_order, item_type, text_value, label, url) VALUES ('subject_topic_sections-item-40ea8c7e7ebf2fe1', 'subject-card-7f7d5d3984286d5b', 'feynmanChecklist', 'Feynman mastery checklist', 2, 'text', 'I can explain the difference between atomic mass and mass number.', NULL, NULL);
INSERT INTO subject_topic_sections (id, card_id, section_key, section_title, item_order, item_type, text_value, label, url) VALUES ('subject_topic_sections-item-b158be0d92b6bc56', 'subject-card-7f7d5d3984286d5b', 'feynmanChecklist', 'Feynman mastery checklist', 3, 'text', 'I can explain what to include in a short APA source citation.', NULL, NULL);
INSERT INTO subject_topic_cards (id, subject_slug, title, summary, source_kind, source_upload_id, source_ref, created_at, updated_at) VALUES ('subject-card-70bcc12fa17f7a36', 'math', 'Cycle 3: 3.01 to Current', 'Current Grade 9 Math work is focused on Cycle 3. Based on recent Google Classroom posts and your note, the next test range covers lessons 3.01 through the current lesson.', 'manual', NULL, NULL, '2026-04-03T22:28:11.615Z', '2026-04-03T22:28:11.615Z');
INSERT INTO subject_topic_sections (id, card_id, section_key, section_title, item_order, item_type, text_value, label, url) VALUES ('subject_topic_sections-item-b575034ee4e222bf', 'subject-card-70bcc12fa17f7a36', 'formulas', 'Formulas', 0, 'text', 'Use multiple representations: words, tables, graphs, and equations.', NULL, NULL);
INSERT INTO subject_topic_sections (id, card_id, section_key, section_title, item_order, item_type, text_value, label, url) VALUES ('subject_topic_sections-item-42aa91580fb42222', 'subject-card-70bcc12fa17f7a36', 'formulas', 'Formulas', 1, 'text', 'Compare linear and non-linear patterns by how they change across representations.', NULL, NULL);
INSERT INTO subject_topic_sections (id, card_id, section_key, section_title, item_order, item_type, text_value, label, url) VALUES ('subject_topic_sections-item-d575b85dff86edc6', 'subject-card-70bcc12fa17f7a36', 'solvingSteps', 'Step-by-step solving process', 0, 'text', 'Review 3.01 to the current lesson in order.', NULL, NULL);
INSERT INTO subject_topic_sections (id, card_id, section_key, section_title, item_order, item_type, text_value, label, url) VALUES ('subject_topic_sections-item-385570597943dbc8', 'subject-card-70bcc12fa17f7a36', 'solvingSteps', 'Step-by-step solving process', 1, 'text', 'Identify the main idea of each lesson before practising questions.', NULL, NULL);
INSERT INTO subject_topic_sections (id, card_id, section_key, section_title, item_order, item_type, text_value, label, url) VALUES ('subject_topic_sections-item-bab675e227867cf9', 'subject-card-70bcc12fa17f7a36', 'solvingSteps', 'Step-by-step solving process', 2, 'text', 'Switch between graph, table, equation, and word-problem forms.', NULL, NULL);
INSERT INTO subject_topic_sections (id, card_id, section_key, section_title, item_order, item_type, text_value, label, url) VALUES ('subject_topic_sections-item-65e835076591d370', 'subject-card-70bcc12fa17f7a36', 'solvingSteps', 'Step-by-step solving process', 3, 'text', 'Check which topics still feel weak before the next test.', NULL, NULL);
INSERT INTO subject_topic_sections (id, card_id, section_key, section_title, item_order, item_type, text_value, label, url) VALUES ('subject_topic_sections-item-b9ed74e7753e6dad', 'subject-card-70bcc12fa17f7a36', 'examples', 'Worked examples', 0, 'text', 'Single variable data and boxplots', NULL, NULL);
INSERT INTO subject_topic_sections (id, card_id, section_key, section_title, item_order, item_type, text_value, label, url) VALUES ('subject_topic_sections-item-333747926d399a82', 'subject-card-70bcc12fa17f7a36', 'examples', 'Worked examples', 1, 'text', 'Coordinate plane', NULL, NULL);
INSERT INTO subject_topic_sections (id, card_id, section_key, section_title, item_order, item_type, text_value, label, url) VALUES ('subject_topic_sections-item-e42640d64dbf60b7', 'subject-card-70bcc12fa17f7a36', 'examples', 'Worked examples', 2, 'text', 'Patterns and multiple representations', NULL, NULL);
INSERT INTO subject_topic_sections (id, card_id, section_key, section_title, item_order, item_type, text_value, label, url) VALUES ('subject_topic_sections-item-4b908fbc390d8d22', 'subject-card-70bcc12fa17f7a36', 'examples', 'Worked examples', 3, 'text', 'Word problems', NULL, NULL);
INSERT INTO subject_topic_sections (id, card_id, section_key, section_title, item_order, item_type, text_value, label, url) VALUES ('subject_topic_sections-item-b12442423c258b93', 'subject-card-70bcc12fa17f7a36', 'examples', 'Worked examples', 4, 'text', 'Solving equations', NULL, NULL);
INSERT INTO subject_topic_sections (id, card_id, section_key, section_title, item_order, item_type, text_value, label, url) VALUES ('subject_topic_sections-item-d5d66f2e867102ed', 'subject-card-70bcc12fa17f7a36', 'commonMistakes', 'Common mistakes', 0, 'text', 'Treating different representations as separate skills instead of connected ideas.', NULL, NULL);
INSERT INTO subject_topic_sections (id, card_id, section_key, section_title, item_order, item_type, text_value, label, url) VALUES ('subject_topic_sections-item-82e853bb6af2ed15', 'subject-card-70bcc12fa17f7a36', 'commonMistakes', 'Common mistakes', 1, 'text', 'Mixing up linear and non-linear patterns.', NULL, NULL);
INSERT INTO subject_topic_sections (id, card_id, section_key, section_title, item_order, item_type, text_value, label, url) VALUES ('subject_topic_sections-item-3d208f821fe98ae8', 'subject-card-70bcc12fa17f7a36', 'commonMistakes', 'Common mistakes', 2, 'text', 'Rushing through word problems without identifying the relationship first.', NULL, NULL);
INSERT INTO subject_topic_sections (id, card_id, section_key, section_title, item_order, item_type, text_value, label, url) VALUES ('subject_topic_sections-item-eefbe3948b130da6', 'subject-card-70bcc12fa17f7a36', 'practiceEasy', 'Easy practice questions', 0, 'text', 'Review boxplots and explain what the median and spread show.', NULL, NULL);
INSERT INTO subject_topic_sections (id, card_id, section_key, section_title, item_order, item_type, text_value, label, url) VALUES ('subject_topic_sections-item-87ad0a6b5c3def58', 'subject-card-70bcc12fa17f7a36', 'practiceEasy', 'Easy practice questions', 1, 'text', 'Plot and read points on the coordinate plane.', NULL, NULL);
INSERT INTO subject_topic_sections (id, card_id, section_key, section_title, item_order, item_type, text_value, label, url) VALUES ('subject_topic_sections-item-c0d72a1e39f05e0d', 'subject-card-70bcc12fa17f7a36', 'practiceMedium', 'Medium practice questions', 0, 'text', 'Compare a table and graph to decide whether the pattern is linear or non-linear.', NULL, NULL);
INSERT INTO subject_topic_sections (id, card_id, section_key, section_title, item_order, item_type, text_value, label, url) VALUES ('subject_topic_sections-item-aba751a181e1c183', 'subject-card-70bcc12fa17f7a36', 'practiceMedium', 'Medium practice questions', 1, 'text', 'Translate a short word problem into a table or equation.', NULL, NULL);
INSERT INTO subject_topic_sections (id, card_id, section_key, section_title, item_order, item_type, text_value, label, url) VALUES ('subject_topic_sections-item-97e30741dd60aadb', 'subject-card-70bcc12fa17f7a36', 'practiceHard', 'Hard practice questions', 0, 'text', 'Complete one mixed review set using topics from 3.01 through the current lesson.', NULL, NULL);
INSERT INTO subject_topic_sections (id, card_id, section_key, section_title, item_order, item_type, text_value, label, url) VALUES ('subject_topic_sections-item-47a7958374195408', 'subject-card-70bcc12fa17f7a36', 'practiceHard', 'Hard practice questions', 1, 'text', 'Solve an equation and explain how it connects to a pattern or representation.', NULL, NULL);
INSERT INTO subject_topic_cards (id, subject_slug, title, summary, source_kind, source_upload_id, source_ref, created_at, updated_at) VALUES ('subject-card-231cce9743804940', 'english', 'Lesson 5: Literary Devices and Imagery', 'Nick''s current English content focuses on literary devices, especially imagery and cause-and-effect thinking, using ''There Will Come Soft Rains'' as a study text.', 'manual', NULL, NULL, '2026-04-03T22:28:11.615Z', '2026-04-03T22:28:11.615Z');
INSERT INTO subject_topic_sections (id, card_id, section_key, section_title, item_order, item_type, text_value, label, url) VALUES ('subject_topic_sections-item-3de757a62daec9ac', 'subject-card-231cce9743804940', 'readingFocus', 'Reading focus', 0, 'text', 'Identify examples of imagery in the story.', NULL, NULL);
INSERT INTO subject_topic_sections (id, card_id, section_key, section_title, item_order, item_type, text_value, label, url) VALUES ('subject_topic_sections-item-60e1c9e7ab446547', 'subject-card-231cce9743804940', 'readingFocus', 'Reading focus', 1, 'text', 'Notice how descriptions appeal to sight, sound, smell, touch, or taste.', NULL, NULL);
INSERT INTO subject_topic_sections (id, card_id, section_key, section_title, item_order, item_type, text_value, label, url) VALUES ('subject_topic_sections-item-488d521dd3366b7d', 'subject-card-231cce9743804940', 'readingFocus', 'Reading focus', 2, 'text', 'Think about the effect created by each image.', NULL, NULL);
INSERT INTO subject_topic_sections (id, card_id, section_key, section_title, item_order, item_type, text_value, label, url) VALUES ('subject_topic_sections-item-3fc54a19f001d468', 'subject-card-231cce9743804940', 'writingTips', 'Writing structure support', 0, 'text', 'When analyzing imagery, explain both the image and the feeling or effect it creates.', NULL, NULL);
INSERT INTO subject_topic_sections (id, card_id, section_key, section_title, item_order, item_type, text_value, label, url) VALUES ('subject_topic_sections-item-0e1dbaa86f3cbcc3', 'subject-card-231cce9743804940', 'writingTips', 'Writing structure support', 1, 'text', 'Use evidence from the text, then connect it clearly to the author''s purpose.', NULL, NULL);
INSERT INTO subject_topic_sections (id, card_id, section_key, section_title, item_order, item_type, text_value, label, url) VALUES ('subject_topic_sections-item-dfa74d2ca95a3347', 'subject-card-231cce9743804940', 'writingTips', 'Writing structure support', 2, 'text', 'Cause and effect can help explain why a literary device changes the reader''s understanding.', NULL, NULL);
INSERT INTO subject_topic_sections (id, card_id, section_key, section_title, item_order, item_type, text_value, label, url) VALUES ('subject_topic_sections-item-e17af45c285a635f', 'subject-card-231cce9743804940', 'structureTemplates', 'Structure templates', 0, 'text', 'Quote or example -> sense appealed to -> feeling created -> explanation of effect', NULL, NULL);
INSERT INTO subject_topic_sections (id, card_id, section_key, section_title, item_order, item_type, text_value, label, url) VALUES ('subject_topic_sections-item-577cd53e6f0a595c', 'subject-card-231cce9743804940', 'structureTemplates', 'Structure templates', 1, 'text', 'Point -> evidence -> analysis -> connection to idea', NULL, NULL);
INSERT INTO subject_topic_sections (id, card_id, section_key, section_title, item_order, item_type, text_value, label, url) VALUES ('subject_topic_sections-item-f51efc21d6006c56', 'subject-card-231cce9743804940', 'vocabulary', 'Vocabulary support', 0, 'text', 'literary device', NULL, NULL);
INSERT INTO subject_topic_sections (id, card_id, section_key, section_title, item_order, item_type, text_value, label, url) VALUES ('subject_topic_sections-item-83855f03ce640e07', 'subject-card-231cce9743804940', 'vocabulary', 'Vocabulary support', 1, 'text', 'imagery', NULL, NULL);
INSERT INTO subject_topic_sections (id, card_id, section_key, section_title, item_order, item_type, text_value, label, url) VALUES ('subject_topic_sections-item-882397db6b1b717f', 'subject-card-231cce9743804940', 'vocabulary', 'Vocabulary support', 2, 'text', 'effect', NULL, NULL);
INSERT INTO subject_topic_sections (id, card_id, section_key, section_title, item_order, item_type, text_value, label, url) VALUES ('subject_topic_sections-item-6914508975a1712c', 'subject-card-231cce9743804940', 'vocabulary', 'Vocabulary support', 3, 'text', 'sense', NULL, NULL);
INSERT INTO subject_topic_sections (id, card_id, section_key, section_title, item_order, item_type, text_value, label, url) VALUES ('subject_topic_sections-item-f8a2ae4e9baa84dd', 'subject-card-231cce9743804940', 'vocabulary', 'Vocabulary support', 4, 'text', 'analysis', NULL, NULL);
INSERT INTO subject_topic_sections (id, card_id, section_key, section_title, item_order, item_type, text_value, label, url) VALUES ('subject_topic_sections-item-e38218b3eb4b56e4', 'subject-card-231cce9743804940', 'vocabulary', 'Vocabulary support', 5, 'text', 'cause and effect', NULL, NULL);
INSERT INTO subject_topic_sections (id, card_id, section_key, section_title, item_order, item_type, text_value, label, url) VALUES ('subject_topic_sections-item-1df72f8ce0fade47', 'subject-card-231cce9743804940', 'resources', 'Useful learning resources', 0, 'resource', NULL, 'Nick English Google Drive folder', 'https://drive.google.com/drive/folders/1dYVPTHi9zarIKhdQ4b4L3Bn08DDScCYr');
INSERT INTO subject_topic_sections (id, card_id, section_key, section_title, item_order, item_type, text_value, label, url) VALUES ('subject_topic_sections-item-100baf8ac25da4a5', 'subject-card-231cce9743804940', 'resources', 'Useful learning resources', 1, 'resource', NULL, 'Lesson 5.docx', NULL);
INSERT INTO subject_topic_sections (id, card_id, section_key, section_title, item_order, item_type, text_value, label, url) VALUES ('subject_topic_sections-item-5b0d31a49ea9fef9', 'subject-card-231cce9743804940', 'resources', 'Useful learning resources', 2, 'resource', NULL, 'There Will Come Soft Rains by Ray Bradbury', NULL);
INSERT INTO subject_topic_sections (id, card_id, section_key, section_title, item_order, item_type, text_value, label, url) VALUES ('subject_topic_sections-item-d6eef619f96d3d4a', 'subject-card-231cce9743804940', 'practicePrompts', 'Short practice prompts', 0, 'text', 'Choose one example of imagery from ''There Will Come Soft Rains'' and explain the feeling it creates.', NULL, NULL);
INSERT INTO subject_topic_sections (id, card_id, section_key, section_title, item_order, item_type, text_value, label, url) VALUES ('subject_topic_sections-item-428f4b106aa51f7b', 'subject-card-231cce9743804940', 'practicePrompts', 'Short practice prompts', 1, 'text', 'Explain how Ray Bradbury uses imagery to help the reader understand the empty house.', NULL, NULL);
INSERT INTO subject_topic_sections (id, card_id, section_key, section_title, item_order, item_type, text_value, label, url) VALUES ('subject_topic_sections-item-c118239b9a0290ac', 'subject-card-231cce9743804940', 'practicePrompts', 'Short practice prompts', 2, 'text', 'Describe one cause-and-effect relationship in the story and explain why it matters.', NULL, NULL);
INSERT INTO study_tasks (id, bucket, subject_slug, topic, task_type, note, due_date, priority, resource_label, resource_url, classroom_topic, classroom_type, source_kind, source_key, source_upload_id, is_active, created_at, updated_at) VALUES ('task-74da139058de9dbf', 'today', 'english', 'Nick''s writing homework routine', 'homework', 'Saturday routine: complete Nick''s writing homework and check that the main idea is clear.', '2026-03-28', 'Medium', NULL, NULL, NULL, NULL, 'manual', NULL, NULL, 1, '2026-04-03T22:28:11.615Z', '2026-04-03T22:28:11.615Z');
INSERT INTO study_tasks (id, bucket, subject_slug, topic, task_type, note, due_date, priority, resource_label, resource_url, classroom_topic, classroom_type, source_kind, source_key, source_upload_id, is_active, created_at, updated_at) VALUES ('task-b14877e617719c53', 'today', 'math', 'Grade 10 math practice routine', 'preview', 'Saturday routine: do a short Grade 10 math practice set and show full working.', '2026-03-28', 'Medium', 'Open Grade 10 geometry skill map', 'resources/math/grade-10-geometry-skill-map.html', NULL, NULL, 'manual', NULL, NULL, 1, '2026-04-03T22:28:11.615Z', '2026-04-03T22:28:11.615Z');
INSERT INTO study_tasks (id, bucket, subject_slug, topic, task_type, note, due_date, priority, resource_label, resource_url, classroom_topic, classroom_type, source_kind, source_key, source_upload_id, is_active, created_at, updated_at) VALUES ('task-b91fec41b4535318', 'week', 'english', 'Nick''s writing homework routine', 'homework', 'Sunday routine: finish Nick''s writing homework and revise one paragraph for clarity.', '2026-03-29', 'Medium', NULL, NULL, NULL, NULL, 'manual', NULL, NULL, 1, '2026-04-03T22:28:11.615Z', '2026-04-03T22:28:11.615Z');
INSERT INTO study_tasks (id, bucket, subject_slug, topic, task_type, note, due_date, priority, resource_label, resource_url, classroom_topic, classroom_type, source_kind, source_key, source_upload_id, is_active, created_at, updated_at) VALUES ('task-853da0b23a54a700', 'week', 'math', 'Grade 10 math practice routine', 'preview', 'Sunday routine: complete Grade 10 math practice and check any mistakes carefully.', '2026-03-29', 'Medium', 'Open Grade 10 geometry skill map', 'resources/math/grade-10-geometry-skill-map.html', NULL, NULL, 'manual', NULL, NULL, 1, '2026-04-03T22:28:11.615Z', '2026-04-03T22:28:11.615Z');
INSERT INTO study_tasks (id, bucket, subject_slug, topic, task_type, note, due_date, priority, resource_label, resource_url, classroom_topic, classroom_type, source_kind, source_key, source_upload_id, is_active, created_at, updated_at) VALUES ('task-fb9f6c7642409bed', 'week', 'math', 'Cycle 3 review: 3.01 to current overview', 'review', 'Start a full Cycle 3 review covering 3.01 up to the most recent classwork. Include single variable data and boxplots, coordinate plane, patterns, multiple representations, and word problems. This is based on current classwork and your expectation that these lessons are part of the next test range.', '2026-03-29', 'High', 'Open box plots review', 'resources/math/box-plots-review.html', NULL, NULL, 'manual', NULL, NULL, 1, '2026-04-03T22:28:11.615Z', '2026-04-03T22:28:11.615Z');
INSERT INTO study_tasks (id, bucket, subject_slug, topic, task_type, note, due_date, priority, resource_label, resource_url, classroom_topic, classroom_type, source_kind, source_key, source_upload_id, is_active, created_at, updated_at) VALUES ('task-d65c0208538e76ef', 'week', 'math', 'Cycle 3 review: equations and representations', 'review', 'Focus on the later Cycle 3 pieces including linear vs non-linear patterns, multiple representations, word problems, and the recent Pixel Art - Solving Equations assignment. Treat this as next-test preparation, not a confirmed posted evaluation.', '2026-03-30', 'High', 'Open box plots review', 'resources/math/box-plots-review.html', NULL, NULL, 'manual', NULL, NULL, 1, '2026-04-03T22:28:11.615Z', '2026-04-03T22:28:11.615Z');
INSERT INTO study_tasks (id, bucket, subject_slug, topic, task_type, note, due_date, priority, resource_label, resource_url, classroom_topic, classroom_type, source_kind, source_key, source_upload_id, is_active, created_at, updated_at) VALUES ('task-4a06edf59810e2d9', 'week', 'science', 'Preview: Gas Test Lab', 'preview', 'Before Monday''s class, review how oxygen, hydrogen, and carbon dioxide are identified in a gas test lab. Use the Science page lesson support links first.', '2026-03-30', 'High', NULL, NULL, NULL, NULL, 'manual', NULL, NULL, 1, '2026-04-03T22:28:11.615Z', '2026-04-03T22:28:11.615Z');
INSERT INTO study_tasks (id, bucket, subject_slug, topic, task_type, note, due_date, priority, resource_label, resource_url, classroom_topic, classroom_type, source_kind, source_key, source_upload_id, is_active, created_at, updated_at) VALUES ('task-b9beac1273d5e010', 'week', 'science', 'Chemistry review: Mar 23 to current', 'review', 'Review the Chemistry test range starting from March 23, 2026. Focus on periodic table patterns, the periodic table, and atomic theory from recent Google Classroom posts.', '2026-03-31', 'High', NULL, NULL, NULL, NULL, 'manual', NULL, NULL, 1, '2026-04-03T22:28:11.615Z', '2026-04-03T22:28:11.615Z');
INSERT INTO study_tasks (id, bucket, subject_slug, topic, task_type, note, due_date, priority, resource_label, resource_url, classroom_topic, classroom_type, source_kind, source_key, source_upload_id, is_active, created_at, updated_at) VALUES ('task-6c161a90cefaf45a', 'week', 'english', 'Nick''s writing class routine', 'learn', 'Wednesday routine from 6:00 PM to 7:00 PM: attend Nick''s writing class and note one writing skill to practice after class.', '2026-04-01', 'High', NULL, NULL, NULL, NULL, 'manual', NULL, NULL, 1, '2026-04-03T22:28:11.615Z', '2026-04-03T22:28:11.615Z');
INSERT INTO study_tasks (id, bucket, subject_slug, topic, task_type, note, due_date, priority, resource_label, resource_url, classroom_topic, classroom_type, source_kind, source_key, source_upload_id, is_active, created_at, updated_at) VALUES ('task-d7d9d28592e2f482', 'week', 'english', 'Nick English review: Lesson 5 imagery', 'review', 'Review Lesson 5 on literary devices and imagery. Use ''There Will Come Soft Rains'' to practice identifying imagery, the sense it appeals to, and the effect it creates.', '2026-04-01', 'High', NULL, NULL, NULL, NULL, 'manual', NULL, NULL, 1, '2026-04-03T22:28:11.615Z', '2026-04-03T22:28:11.615Z');
INSERT INTO study_tasks (id, bucket, subject_slug, topic, task_type, note, due_date, priority, resource_label, resource_url, classroom_topic, classroom_type, source_kind, source_key, source_upload_id, is_active, created_at, updated_at) VALUES ('task-d9126e899e22ff67', 'week', 'science', 'Atomic Structure practice sheet', 'practice', 'Use the 11.2 Atomic Structure Practice sheet to review particle charges, atomic number, mass number, isotopes, and proton-electron-neutron calculations before the quiz.', '2026-04-02', 'High', 'Open Atomic Structure practice', '/uploads/slide-quizzes%2Fatomic-structure-practice-11-2.pdf', NULL, NULL, 'manual', NULL, NULL, 1, '2026-04-03T22:28:11.616Z', '2026-04-03T22:28:11.616Z');
INSERT INTO study_tasks (id, bucket, subject_slug, topic, task_type, note, due_date, priority, resource_label, resource_url, classroom_topic, classroom_type, source_kind, source_key, source_upload_id, is_active, created_at, updated_at) VALUES ('task-e0dc9a161dc9e5d3', 'week', 'science', 'Atomic Structure slide quiz', 'quiz', 'Do the Atomic Structure quiz card and check details from the teacher slide, especially atomic number, mass number, isotopes, and atomic mass.', '2026-04-03', 'High', 'Open slide quizzes', 'quizzes.html', NULL, NULL, 'manual', NULL, NULL, 1, '2026-04-03T22:28:11.616Z', '2026-04-03T22:28:11.616Z');
INSERT INTO study_tasks (id, bucket, subject_slug, topic, task_type, note, due_date, priority, resource_label, resource_url, classroom_topic, classroom_type, source_kind, source_key, source_upload_id, is_active, created_at, updated_at) VALUES ('task-163a6ec7b391ba1d', 'week', 'english', 'Friday study group routine', 'review', 'Friday routine: join the study group and bring one question from each main subject.', '2026-04-03', 'Medium', NULL, NULL, NULL, NULL, 'manual', NULL, NULL, 1, '2026-04-03T22:28:11.616Z', '2026-04-03T22:28:11.616Z');
INSERT INTO study_tasks (id, bucket, subject_slug, topic, task_type, note, due_date, priority, resource_label, resource_url, classroom_topic, classroom_type, source_kind, source_key, source_upload_id, is_active, created_at, updated_at) VALUES ('task-631675615d7a6e4d', 'week', 'science', 'Planetary Model slide quiz', 'quiz', 'Review why the nuclear model was limited, how fixed energy levels work, and why electrons release light when they move to lower orbits.', '2026-04-04', 'High', 'Open slide quizzes', 'quizzes.html', NULL, NULL, 'manual', NULL, NULL, 1, '2026-04-03T22:28:11.616Z', '2026-04-03T22:28:11.616Z');
INSERT INTO study_tasks (id, bucket, subject_slug, topic, task_type, note, due_date, priority, resource_label, resource_url, classroom_topic, classroom_type, source_kind, source_key, source_upload_id, is_active, created_at, updated_at) VALUES ('task-47cd7c1bce3756f9', 'week', 'science', 'Atomic Structure quiz prep', 'quiz', 'Practice quiz focus: use the periodic table to find protons, electrons, and neutrons, know element symbols, and explain the difference between atomic mass and mass number.', '2026-04-07', 'High', 'Open slide quizzes', 'quizzes.html', NULL, NULL, 'manual', NULL, NULL, 1, '2026-04-03T22:28:11.616Z', '2026-04-03T22:28:11.616Z');
INSERT INTO study_tasks (id, bucket, subject_slug, topic, task_type, note, due_date, priority, resource_label, resource_url, classroom_topic, classroom_type, source_kind, source_key, source_upload_id, is_active, created_at, updated_at) VALUES ('task-f195b9b8eec29552', 'week', 'science', 'Chemistry Article Evaluation prep', 'evaluation', 'Review periodic table patterns, APA source citation, and the key chemistry ideas from this unit so far before Tuesday''s article evaluation.', '2026-04-07', 'High', 'Possible practice article', 'https://www.ck12.org/book/ck-12-physical-science-for-middle-school/section/6.3/', NULL, NULL, 'manual', NULL, NULL, 1, '2026-04-03T22:28:11.616Z', '2026-04-03T22:28:11.616Z');
INSERT INTO study_tasks (id, bucket, subject_slug, topic, task_type, note, due_date, priority, resource_label, resource_url, classroom_topic, classroom_type, source_kind, source_key, source_upload_id, is_active, created_at, updated_at) VALUES ('task-08046c7eda99e941', 'nextWeek', 'math', 'Cycle 3 review: full test-range check', 'review', 'Do one full review pass across Cycle 3 lessons 3.01 through the current lesson. Check boxplots, coordinate plane, patterns, multiple representations, word problems, and solving equations, then note weak spots before the next expected test.', '2026-04-02', 'High', 'Open box plots review', 'resources/math/box-plots-review.html', NULL, NULL, 'manual', NULL, NULL, 1, '2026-04-03T22:28:11.616Z', '2026-04-03T22:28:11.616Z');
INSERT INTO study_tasks (id, bucket, subject_slug, topic, task_type, note, due_date, priority, resource_label, resource_url, classroom_topic, classroom_type, source_kind, source_key, source_upload_id, is_active, created_at, updated_at) VALUES ('task-6e49ef7a6da2ebe0', 'nextWeek', 'english', 'Nick''s writing homework routine', 'homework', 'Saturday routine: complete Nick''s writing homework and polish sentence flow.', '2026-04-04', 'Medium', NULL, NULL, NULL, NULL, 'manual', NULL, NULL, 1, '2026-04-03T22:28:11.616Z', '2026-04-03T22:28:11.616Z');
INSERT INTO study_tasks (id, bucket, subject_slug, topic, task_type, note, due_date, priority, resource_label, resource_url, classroom_topic, classroom_type, source_kind, source_key, source_upload_id, is_active, created_at, updated_at) VALUES ('task-67a2e6bff8d933b1', 'nextWeek', 'math', 'Grade 10 math practice routine', 'preview', 'Saturday routine: do a short Grade 10 math practice set and check your steps.', '2026-04-04', 'Medium', 'Open Grade 10 geometry skill map', 'resources/math/grade-10-geometry-skill-map.html', NULL, NULL, 'manual', NULL, NULL, 1, '2026-04-03T22:28:11.616Z', '2026-04-03T22:28:11.616Z');
INSERT INTO study_tasks (id, bucket, subject_slug, topic, task_type, note, due_date, priority, resource_label, resource_url, classroom_topic, classroom_type, source_kind, source_key, source_upload_id, is_active, created_at, updated_at) VALUES ('task-f79a307e82c0e358', 'nextWeek', 'english', 'Nick''s writing homework routine', 'homework', 'Sunday routine: finish Nick''s writing homework and review corrections.', '2026-04-05', 'Medium', NULL, NULL, NULL, NULL, 'manual', NULL, NULL, 1, '2026-04-03T22:28:11.616Z', '2026-04-03T22:28:11.616Z');
INSERT INTO study_tasks (id, bucket, subject_slug, topic, task_type, note, due_date, priority, resource_label, resource_url, classroom_topic, classroom_type, source_kind, source_key, source_upload_id, is_active, created_at, updated_at) VALUES ('task-22e4d33cff4250db', 'nextWeek', 'math', 'Grade 10 math practice routine', 'preview', 'Sunday routine: finish another Grade 10 math practice set and correct any errors.', '2026-04-05', 'Medium', 'Open Grade 10 geometry skill map', 'resources/math/grade-10-geometry-skill-map.html', NULL, NULL, 'manual', NULL, NULL, 1, '2026-04-03T22:28:11.616Z', '2026-04-03T22:28:11.616Z');
INSERT INTO study_tasks (id, bucket, subject_slug, topic, task_type, note, due_date, priority, resource_label, resource_url, classroom_topic, classroom_type, source_kind, source_key, source_upload_id, is_active, created_at, updated_at) VALUES ('task-83ee4d999dbbb6e1', 'nextWeek', 'english', 'Nick''s writing class routine', 'learn', 'Wednesday routine from 6:00 PM to 7:00 PM: attend Nick''s writing class and note one writing goal for the week.', '2026-04-08', 'High', NULL, NULL, NULL, NULL, 'manual', NULL, NULL, 1, '2026-04-03T22:28:11.616Z', '2026-04-03T22:28:11.616Z');
INSERT INTO study_tasks (id, bucket, subject_slug, topic, task_type, note, due_date, priority, resource_label, resource_url, classroom_topic, classroom_type, source_kind, source_key, source_upload_id, is_active, created_at, updated_at) VALUES ('task-69af125657bef4b6', 'nextWeek', 'english', 'Friday study group routine', 'review', 'Friday routine: meet with the study group and compare study strategies for the week.', '2026-04-10', 'Medium', NULL, NULL, NULL, NULL, 'manual', NULL, NULL, 1, '2026-04-03T22:28:11.616Z', '2026-04-03T22:28:11.616Z');
INSERT INTO classroom_sync_runs (id, generated_at, account, login_status, profile_dir, notes_json, created_at) VALUES ('classroom-run-6a6f3488f69274c9', '2026-04-03T22:15:08.454Z', 'kjing2@ocdsb.ca', 'auth_required', 'C:\Users\guanh\workspace\lightningalert\studypilot\.playwright\google-classroom-profile', '["This file is generated locally by Playwright.","The scheduled task now prefers a saved persistent Google Classroom session.","If Google shows a challenge or sign-in page, refresh the local Classroom session once."]', '2026-04-03T22:28:11.616Z');
INSERT INTO classroom_courses (id, run_id, course_key, name, url, page_title, authenticated) VALUES ('classroom-course-0cab251507990570', 'classroom-run-6a6f3488f69274c9', 'math', 'Grade 9 Math', 'https://classroom.google.com/w/ODI1MDk4ODUxNTc1/t/all', 'Sign in - Google Accounts', 0);
INSERT INTO classroom_courses (id, run_id, course_key, name, url, page_title, authenticated) VALUES ('classroom-course-78494e7c913ec2ca', 'classroom-run-6a6f3488f69274c9', 'science', 'Science SNC1W', 'https://classroom.google.com/w/ODI0MzQ2MzAwMjMw/t/all', 'Sign in - Google Accounts', 0);
